Protein	Protein ID	Entry Name	Gene	Protein Length	Organism	Protein Existence	Description	Protein Probability	Top Peptide Probability	Combined Total Peptides	Combined Spectral Count	Combined Unique Spectral Count	Combined Total Spectral Count	GM12878_LysC_HCD Spectral Count	HUVEC_LysC_HCD Spectral Count	HeLa_LysC_HCD Spectral Count	HepG2_LysC_HCD Spectral Count	K562_LysC_HCD Spectral Count	hESC_LysC_HCD Spectral Count	GM12878_LysC_HCD Unique Spectral Count	HUVEC_LysC_HCD Unique Spectral Count	HeLa_LysC_HCD Unique Spectral Count	HepG2_LysC_HCD Unique Spectral Count	K562_LysC_HCD Unique Spectral Count	hESC_LysC_HCD Unique Spectral Count	GM12878_LysC_HCD Total Spectral Count	HUVEC_LysC_HCD Total Spectral Count	HeLa_LysC_HCD Total Spectral Count	HepG2_LysC_HCD Total Spectral Count	K562_LysC_HCD Total Spectral Count	hESC_LysC_HCD Total Spectral Count	GM12878_LysC_HCD Intensity	HUVEC_LysC_HCD Intensity	HeLa_LysC_HCD Intensity	HepG2_LysC_HCD Intensity	K562_LysC_HCD Intensity	hESC_LysC_HCD Intensity	GM12878_LysC_HCD MaxLFQ Intensity	HUVEC_LysC_HCD MaxLFQ Intensity	HeLa_LysC_HCD MaxLFQ Intensity	HepG2_LysC_HCD MaxLFQ Intensity	K562_LysC_HCD MaxLFQ Intensity	hESC_LysC_HCD MaxLFQ Intensity	Indistinguishable Proteins
ensembl_transcript_id=ENST00000221249.10|ensembl_gene_id=ENSG00000032444.17|gene_name=PNPLA6|tmd_start=11|tmd_end=35|tmd_seq=LGVMIGAGVAVVVTAVLILLVVRRL|ss_nuc_start=264|ss_seq=GAAGAAA|tmd-SS_gap_size=53|ensembl_uniprot_annotation=Q8IY17|blastp_uniprot_annotation=Q8IY17|transcript_canonical_status=Alternative|TMD_dG_app=-2.72|SS_dG_fs=2.86|stem_loop_presence=Yes|fs_type=0_frame|frame_transition=no_frameshift|terminal_stop_codon=yes	ensembl_transcript_id=ENST00000221249.10|ensembl_gene_id=ENSG00000032444.17|gene_name=PNPLA6|tmd_start=11|tmd_end=35|tmd_seq=LGVMIGAGVAVVVTAVLILLVVRRL|ss_nuc_start=264|ss_seq=GAAGAAA|tmd-SS_gap_size=53|ensembl_uniprot_annotation=Q8IY17|blastp_uniprot_annotation=Q8IY17|transcript_canonical_status=Alternative|TMD_dG_app=-2.72|SS_dG_fs=2.86|stem_loop_presence=Yes|fs_type=0_frame|frame_transition=no_frameshift|terminal_stop_codon=yes	ensembl_transcript_id=ENST00000221249.10|ensembl_gene_id=ENSG00000032444.17|gene_name=PNPLA6|tmd_start=11|tmd_end=35|tmd_seq=LGVMIGAGVAVVVTAVLILLVVRRL|ss_nuc_start=264|ss_seq=GAAGAAA|tmd-SS_gap_size=53|ensembl_uniprot_annotation=Q8IY17|blastp_uniprot_annotation=Q8IY17|transcript_canonical_status=Alternative|TMD_dG_app=-2.72|SS_dG_fs=2.86|stem_loop_presence=Yes|fs_type=0_frame|frame_transition=no_frameshift|terminal_stop_codon=yes		1327			ensembl_transcript_id=ENST00000221249.10|ensembl_gene_id=ENSG00000032444.17|gene_name=PNPLA6|tmd_start=11|tmd_end=35|tmd_seq=LGVMIGAGVAVVVTAVLILLVVRRL|ss_nuc_start=264|ss_seq=GAAGAAA|tmd-SS_gap_size=53|ensembl_uniprot_annotation=Q8IY17|blastp_uniprot_annotation=Q8IY17|transcript_canonical_status=Alternative|TMD_dG_app=-2.72|SS_dG_fs=2.86|stem_loop_presence=Yes|fs_type=0_frame|frame_transition=no_frameshift|terminal_stop_codon=yes	1.0	0.9988	1	1	0	1	1	0	0	0	0	0	0	0	0	0	0	0	1	0	0	0	0	0	2098340.0	0.0	0.0	0.0	0.0	0.0	0.0	0.0	0.0	0.0	0.0	0.0	ensembl_transcript_id=ENST00000414982.7|ensembl_gene_id=ENSG00000032444.17|gene_name=PNPLA6|tmd_start=59|tmd_end=83|tmd_seq=LGVMIGAGVAVVVTAVLILLVVRRL|ss_nuc_start=408|ss_seq=GAAGAAA|tmd-SS_gap_size=53|ensembl_uniprot_annotation=Q8IY17|blastp_uniprot_annotation=Q8IY17|transcript_canonical_status=Alternative|TMD_dG_app=-2.72|SS_dG_fs=2.86|stem_loop_presence=Yes|fs_type=0_frame|frame_transition=no_frameshift|terminal_stop_codon=yes, ensembl_transcript_id=ENST00000600737.6|ensembl_gene_id=ENSG00000032444.17|gene_name=PNPLA6|tmd_start=50|tmd_end=74|tmd_seq=LGVMIGAGVAVVVTAVLILLVVRRL|ss_nuc_start=381|ss_seq=GAAGAAA|tmd-SS_gap_size=53|ensembl_uniprot_annotation=No_uniprot_annotation|blastp_uniprot_annotation=Q8IY17|transcript_canonical_status=Canonical|TMD_dG_app=-2.72|SS_dG_fs=2.86|stem_loop_presence=Yes|fs_type=0_frame|frame_transition=no_frameshift|terminal_stop_codon=yes
ensembl_transcript_id=ENST00000253024.10|ensembl_gene_id=ENSG00000130726.12|gene_name=TRIM28|tmd_start=1|tmd_end=16|tmd_seq=MAASAAAASAAAASAA|ss_nuc_start=156|ss_seq=GGGGGGC|tmd-SS_gap_size=36|ensembl_uniprot_annotation=Q13263|blastp_uniprot_annotation=Q13263|transcript_canonical_status=Canonical|TMD_dG_app=3.83|SS_dG_fs=0.76|stem_loop_presence=Yes|fs_type=0_frame|frame_transition=no_frameshift|terminal_stop_codon=yes	ensembl_transcript_id=ENST00000253024.10|ensembl_gene_id=ENSG00000130726.12|gene_name=TRIM28|tmd_start=1|tmd_end=16|tmd_seq=MAASAAAASAAAASAA|ss_nuc_start=156|ss_seq=GGGGGGC|tmd-SS_gap_size=36|ensembl_uniprot_annotation=Q13263|blastp_uniprot_annotation=Q13263|transcript_canonical_status=Canonical|TMD_dG_app=3.83|SS_dG_fs=0.76|stem_loop_presence=Yes|fs_type=0_frame|frame_transition=no_frameshift|terminal_stop_codon=yes	ensembl_transcript_id=ENST00000253024.10|ensembl_gene_id=ENSG00000130726.12|gene_name=TRIM28|tmd_start=1|tmd_end=16|tmd_seq=MAASAAAASAAAASAA|ss_nuc_start=156|ss_seq=GGGGGGC|tmd-SS_gap_size=36|ensembl_uniprot_annotation=Q13263|blastp_uniprot_annotation=Q13263|transcript_canonical_status=Canonical|TMD_dG_app=3.83|SS_dG_fs=0.76|stem_loop_presence=Yes|fs_type=0_frame|frame_transition=no_frameshift|terminal_stop_codon=yes		835			ensembl_transcript_id=ENST00000253024.10|ensembl_gene_id=ENSG00000130726.12|gene_name=TRIM28|tmd_start=1|tmd_end=16|tmd_seq=MAASAAAASAAAASAA|ss_nuc_start=156|ss_seq=GGGGGGC|tmd-SS_gap_size=36|ensembl_uniprot_annotation=Q13263|blastp_uniprot_annotation=Q13263|transcript_canonical_status=Canonical|TMD_dG_app=3.83|SS_dG_fs=0.76|stem_loop_presence=Yes|fs_type=0_frame|frame_transition=no_frameshift|terminal_stop_codon=yes	1.0	0.9973	1	1	0	1	1	0	0	0	0	0	0	0	0	0	0	0	1	0	0	0	0	0	3272937.8	0.0	0.0	0.0	0.0	0.0	0.0	0.0	0.0	0.0	0.0	0.0	
ensembl_transcript_id=ENST00000262213.7|ensembl_gene_id=ENSG00000067167.8|gene_name=TRAM1|tmd_start=125|tmd_end=142|tmd_seq=LSAFYLFACVWGTFILIS|ss_nuc_start=537|ss_seq=TTTTCCT|tmd-SS_gap_size=37|ensembl_uniprot_annotation=Q15629|blastp_uniprot_annotation=Q15629|transcript_canonical_status=Canonical|TMD_dG_app=-0.03|SS_dG_fs=2.13|stem_loop_presence=Yes|fs_type=0_frame|frame_transition=no_frameshift|terminal_stop_codon=yes	ensembl_transcript_id=ENST00000262213.7|ensembl_gene_id=ENSG00000067167.8|gene_name=TRAM1|tmd_start=125|tmd_end=142|tmd_seq=LSAFYLFACVWGTFILIS|ss_nuc_start=537|ss_seq=TTTTCCT|tmd-SS_gap_size=37|ensembl_uniprot_annotation=Q15629|blastp_uniprot_annotation=Q15629|transcript_canonical_status=Canonical|TMD_dG_app=-0.03|SS_dG_fs=2.13|stem_loop_presence=Yes|fs_type=0_frame|frame_transition=no_frameshift|terminal_stop_codon=yes	ensembl_transcript_id=ENST00000262213.7|ensembl_gene_id=ENSG00000067167.8|gene_name=TRAM1|tmd_start=125|tmd_end=142|tmd_seq=LSAFYLFACVWGTFILIS|ss_nuc_start=537|ss_seq=TTTTCCT|tmd-SS_gap_size=37|ensembl_uniprot_annotation=Q15629|blastp_uniprot_annotation=Q15629|transcript_canonical_status=Canonical|TMD_dG_app=-0.03|SS_dG_fs=2.13|stem_loop_presence=Yes|fs_type=0_frame|frame_transition=no_frameshift|terminal_stop_codon=yes		374			ensembl_transcript_id=ENST00000262213.7|ensembl_gene_id=ENSG00000067167.8|gene_name=TRAM1|tmd_start=125|tmd_end=142|tmd_seq=LSAFYLFACVWGTFILIS|ss_nuc_start=537|ss_seq=TTTTCCT|tmd-SS_gap_size=37|ensembl_uniprot_annotation=Q15629|blastp_uniprot_annotation=Q15629|transcript_canonical_status=Canonical|TMD_dG_app=-0.03|SS_dG_fs=2.13|stem_loop_presence=Yes|fs_type=0_frame|frame_transition=no_frameshift|terminal_stop_codon=yes	1.0	0.998	1	1	0	1	1	0	0	0	0	0	0	0	0	0	0	0	1	0	0	0	0	0	0.0	0.0	0.0	0.0	0.0	0.0	0.0	0.0	0.0	0.0	0.0	0.0	ensembl_transcript_id=ENST00000262213.7|ensembl_gene_id=ENSG00000067167.8|gene_name=TRAM1|tmd_start=125|tmd_end=142|tmd_seq=LSAFYLFACVWGTFILIS|ss_nuc_start=564|ss_seq=CAAAAAA|tmd-SS_gap_size=46|ensembl_uniprot_annotation=Q15629|blastp_uniprot_annotation=Q15629|transcript_canonical_status=Canonical|TMD_dG_app=-0.03|SS_dG_fs=0.93|stem_loop_presence=Yes|fs_type=0_frame|frame_transition=no_frameshift|terminal_stop_codon=yes, ensembl_transcript_id=ENST00000262213.7|ensembl_gene_id=ENSG00000067167.8|gene_name=TRAM1|tmd_start=125|tmd_end=142|tmd_seq=LSAFYLFACVWGTFILIS|ss_nuc_start=567|ss_seq=AAAAGAA|tmd-SS_gap_size=47|ensembl_uniprot_annotation=Q15629|blastp_uniprot_annotation=Q15629|transcript_canonical_status=Canonical|TMD_dG_app=-0.03|SS_dG_fs=2.46|stem_loop_presence=Yes|fs_type=0_frame|frame_transition=no_frameshift|terminal_stop_codon=yes, ensembl_transcript_id=ENST00000262213.7|ensembl_gene_id=ENSG00000067167.8|gene_name=TRAM1|tmd_start=160|tmd_end=177|tmd_seq=LMTFQMKFFYISQLAYWL|ss_nuc_start=678|ss_seq=TTATTTT|tmd-SS_gap_size=49|ensembl_uniprot_annotation=Q15629|blastp_uniprot_annotation=Q15629|transcript_canonical_status=Canonical|TMD_dG_app=3.03|SS_dG_fs=1.18|stem_loop_presence=Yes|fs_type=0_frame|frame_transition=no_frameshift|terminal_stop_codon=yes, ensembl_transcript_id=ENST00000262213.7|ensembl_gene_id=ENSG00000067167.8|gene_name=TRAM1|tmd_start=160|tmd_end=177|tmd_seq=LMTFQMKFFYISQLAYWL|ss_nuc_start=681|ss_seq=TTTTGTT|tmd-SS_gap_size=50|ensembl_uniprot_annotation=Q15629|blastp_uniprot_annotation=Q15629|transcript_canonical_status=Canonical|TMD_dG_app=3.03|SS_dG_fs=1.49|stem_loop_presence=Yes|fs_type=0_frame|frame_transition=no_frameshift|terminal_stop_codon=yes, ensembl_transcript_id=ENST00000262213.7|ensembl_gene_id=ENSG00000067167.8|gene_name=TRAM1|tmd_start=191|tmd_end=206|tmd_seq=EDIPRQLVYIGLYLFH|ss_nuc_start=768|ss_seq=TTTTGTT|tmd-SS_gap_size=50|ensembl_uniprot_annotation=Q15629|blastp_uniprot_annotation=Q15629|transcript_canonical_status=Canonical|TMD_dG_app=5.22|SS_dG_fs=1.49|stem_loop_presence=Yes|fs_type=0_frame|frame_transition=no_frameshift|terminal_stop_codon=yes, ensembl_transcript_id=ENST00000262213.7|ensembl_gene_id=ENSG00000067167.8|gene_name=TRAM1|tmd_start=191|tmd_end=206|tmd_seq=EDIPRQLVYIGLYLFH|ss_nuc_start=774|ss_seq=TTTGGGA|tmd-SS_gap_size=52|ensembl_uniprot_annotation=Q15629|blastp_uniprot_annotation=Q15629|transcript_canonical_status=Canonical|TMD_dG_app=5.22|SS_dG_fs=2.54|stem_loop_presence=Yes|fs_type=0_frame|frame_transition=no_frameshift|terminal_stop_codon=yes, ensembl_transcript_id=ENST00000262213.7|ensembl_gene_id=ENSG00000067167.8|gene_name=TRAM1|tmd_start=210|tmd_end=233|tmd_seq=AYLLNLNHLGLVLLVLHYFVEFLF|ss_nuc_start=837|ss_seq=AGAAAAT|tmd-SS_gap_size=46|ensembl_uniprot_annotation=Q15629|blastp_uniprot_annotation=Q15629|transcript_canonical_status=Canonical|TMD_dG_app=-0.02|SS_dG_fs=2.79|stem_loop_presence=Yes|fs_type=0_frame|frame_transition=no_frameshift|terminal_stop_codon=yes, ensembl_transcript_id=ENST00000262213.7|ensembl_gene_id=ENSG00000067167.8|gene_name=TRAM1|tmd_start=210|tmd_end=233|tmd_seq=AYLLNLNHLGLVLLVLHYFVEFLF|ss_nuc_start=852|ss_seq=GGATTTC|tmd-SS_gap_size=51|ensembl_uniprot_annotation=Q15629|blastp_uniprot_annotation=Q15629|transcript_canonical_status=Canonical|TMD_dG_app=-0.02|SS_dG_fs=2.86|stem_loop_presence=Yes|fs_type=0_frame|frame_transition=no_frameshift|terminal_stop_codon=yes, ensembl_transcript_id=ENST00000262213.7|ensembl_gene_id=ENSG00000067167.8|gene_name=TRAM1|tmd_start=255|tmd_end=279|tmd_seq=VLFVLGRLLTLILSVLTVGFGLARA|ss_nuc_start=945|ss_seq=CATTAAT|tmd-SS_gap_size=36|ensembl_uniprot_annotation=Q15629|blastp_uniprot_annotation=Q15629|transcript_canonical_status=Canonical|TMD_dG_app=-1.72|SS_dG_fs=2.62|stem_loop_presence=Yes|fs_type=0_frame|frame_transition=no_frameshift|terminal_stop_codon=yes, ensembl_transcript_id=ENST00000262213.7|ensembl_gene_id=ENSG00000067167.8|gene_name=TRAM1|tmd_start=255|tmd_end=279|tmd_seq=VLFVLGRLLTLILSVLTVGFGLARA|ss_nuc_start=948|ss_seq=TAATTTT|tmd-SS_gap_size=37|ensembl_uniprot_annotation=Q15629|blastp_uniprot_annotation=Q15629|transcript_canonical_status=Canonical|TMD_dG_app=-1.72|SS_dG_fs=1.81|stem_loop_presence=Yes|fs_type=0_frame|frame_transition=no_frameshift|terminal_stop_codon=yes, ensembl_transcript_id=ENST00000262213.7|ensembl_gene_id=ENSG00000067167.8|gene_name=TRAM1|tmd_start=293|tmd_end=316|tmd_seq=VLAVRIAVLASICVTQAFMMWKFI|ss_nuc_start=1101|ss_seq=GAATAAA|tmd-SS_gap_size=51|ensembl_uniprot_annotation=Q15629|blastp_uniprot_annotation=Q15629|transcript_canonical_status=Canonical|TMD_dG_app=-0.34|SS_dG_fs=1.64|stem_loop_presence=Yes|fs_type=0_frame|frame_transition=no_frameshift|terminal_stop_codon=yes, ensembl_transcript_id=ENST00000262213.7|ensembl_gene_id=ENSG00000067167.8|gene_name=TRAM1|tmd_start=293|tmd_end=316|tmd_seq=VLAVRIAVLASICVTQAFMMWKFI|ss_nuc_start=1101|ss_seq=GAATAAA|tmd-SS_gap_size=51|ensembl_uniprot_annotation=Q15629|blastp_uniprot_annotation=Q15629|transcript_canonical_status=Canonical|TMD_dG_app=-0.34|SS_dG_fs=1.64|stem_loop_presence=Yes|fs_type=dual_-1|frame_transition=369|terminal_stop_codon=no, ensembl_transcript_id=ENST00000262213.7|ensembl_gene_id=ENSG00000067167.8|gene_name=TRAM1|tmd_start=293|tmd_end=316|tmd_seq=VLAVRIAVLASICVTQAFMMWKFI|ss_nuc_start=1104|ss_seq=TAAAAAA|tmd-SS_gap_size=52|ensembl_uniprot_annotation=Q15629|blastp_uniprot_annotation=Q15629|transcript_canonical_status=Canonical|TMD_dG_app=-0.34|SS_dG_fs=0.93|stem_loop_presence=No|fs_type=0_frame|frame_transition=no_frameshift|terminal_stop_codon=yes, ensembl_transcript_id=ENST00000262213.7|ensembl_gene_id=ENSG00000067167.8|gene_name=TRAM1|tmd_start=293|tmd_end=316|tmd_seq=VLAVRIAVLASICVTQAFMMWKFI|ss_nuc_start=1104|ss_seq=TAAAAAA|tmd-SS_gap_size=52|ensembl_uniprot_annotation=Q15629|blastp_uniprot_annotation=Q15629|transcript_canonical_status=Canonical|TMD_dG_app=-0.34|SS_dG_fs=0.93|stem_loop_presence=No|fs_type=dual_-1|frame_transition=370|terminal_stop_codon=no, ensembl_transcript_id=ENST00000262213.7|ensembl_gene_id=ENSG00000067167.8|gene_name=TRAM1|tmd_start=293|tmd_end=316|tmd_seq=VLAVRIAVLASICVTQAFMMWKFI|ss_nuc_start=1104|ss_seq=TAAAAAA|tmd-SS_gap_size=52|ensembl_uniprot_annotation=Q15629|blastp_uniprot_annotation=Q15629|transcript_canonical_status=Canonical|TMD_dG_app=-0.34|SS_dG_fs=0.93|stem_loop_presence=No|fs_type=hungry_-1|frame_transition=369|terminal_stop_codon=no, ensembl_transcript_id=ENST00000262213.7|ensembl_gene_id=ENSG00000067167.8|gene_name=TRAM1|tmd_start=293|tmd_end=316|tmd_seq=VLAVRIAVLASICVTQAFMMWKFI|ss_nuc_start=1104|ss_seq=TAAAAAA|tmd-SS_gap_size=52|ensembl_uniprot_annotation=Q15629|blastp_uniprot_annotation=Q15629|transcript_canonical_status=Canonical|TMD_dG_app=-0.34|SS_dG_fs=0.93|stem_loop_presence=No|fs_type=hungry_-2|frame_transition=369|terminal_stop_codon=no, ensembl_transcript_id=ENST00000521425.5|ensembl_gene_id=ENSG00000067167.8|gene_name=TRAM1|tmd_start=105|tmd_end=120|tmd_seq=EDIPRQLVYIGLYLFH|ss_nuc_start=510|ss_seq=TTTTGTT|tmd-SS_gap_size=50|ensembl_uniprot_annotation=No_uniprot_annotation|blastp_uniprot_annotation=Q15629|transcript_canonical_status=Alternative|TMD_dG_app=5.22|SS_dG_fs=1.49|stem_loop_presence=Yes|fs_type=0_frame|frame_transition=no_frameshift|terminal_stop_codon=yes, ensembl_transcript_id=ENST00000521425.5|ensembl_gene_id=ENSG00000067167.8|gene_name=TRAM1|tmd_start=105|tmd_end=120|tmd_seq=EDIPRQLVYIGLYLFH|ss_nuc_start=516|ss_seq=TTTGGGA|tmd-SS_gap_size=52|ensembl_uniprot_annotation=No_uniprot_annotation|blastp_uniprot_annotation=Q15629|transcript_canonical_status=Alternative|TMD_dG_app=5.22|SS_dG_fs=2.54|stem_loop_presence=Yes|fs_type=0_frame|frame_transition=no_frameshift|terminal_stop_codon=yes, ensembl_transcript_id=ENST00000521425.5|ensembl_gene_id=ENSG00000067167.8|gene_name=TRAM1|tmd_start=124|tmd_end=147|tmd_seq=AYLLNLNHLGLVLLVLHYFVEFLF|ss_nuc_start=579|ss_seq=AGAAAAT|tmd-SS_gap_size=46|ensembl_uniprot_annotation=No_uniprot_annotation|blastp_uniprot_annotation=Q15629|transcript_canonical_status=Alternative|TMD_dG_app=-0.02|SS_dG_fs=2.79|stem_loop_presence=Yes|fs_type=0_frame|frame_transition=no_frameshift|terminal_stop_codon=yes, ensembl_transcript_id=ENST00000521425.5|ensembl_gene_id=ENSG00000067167.8|gene_name=TRAM1|tmd_start=124|tmd_end=147|tmd_seq=AYLLNLNHLGLVLLVLHYFVEFLF|ss_nuc_start=594|ss_seq=GGATTTC|tmd-SS_gap_size=51|ensembl_uniprot_annotation=No_uniprot_annotation|blastp_uniprot_annotation=Q15629|transcript_canonical_status=Alternative|TMD_dG_app=-0.02|SS_dG_fs=2.86|stem_loop_presence=Yes|fs_type=0_frame|frame_transition=no_frameshift|terminal_stop_codon=yes, ensembl_transcript_id=ENST00000521425.5|ensembl_gene_id=ENSG00000067167.8|gene_name=TRAM1|tmd_start=169|tmd_end=193|tmd_seq=VLFVLGRLLTLILSVLTVGFGLARA|ss_nuc_start=687|ss_seq=CATTAAT|tmd-SS_gap_size=36|ensembl_uniprot_annotation=No_uniprot_annotation|blastp_uniprot_annotation=Q15629|transcript_canonical_status=Alternative|TMD_dG_app=-1.72|SS_dG_fs=2.62|stem_loop_presence=Yes|fs_type=0_frame|frame_transition=no_frameshift|terminal_stop_codon=yes, ensembl_transcript_id=ENST00000521425.5|ensembl_gene_id=ENSG00000067167.8|gene_name=TRAM1|tmd_start=169|tmd_end=193|tmd_seq=VLFVLGRLLTLILSVLTVGFGLARA|ss_nuc_start=690|ss_seq=TAATTTT|tmd-SS_gap_size=37|ensembl_uniprot_annotation=No_uniprot_annotation|blastp_uniprot_annotation=Q15629|transcript_canonical_status=Alternative|TMD_dG_app=-1.72|SS_dG_fs=1.81|stem_loop_presence=Yes|fs_type=0_frame|frame_transition=no_frameshift|terminal_stop_codon=yes, ensembl_transcript_id=ENST00000521425.5|ensembl_gene_id=ENSG00000067167.8|gene_name=TRAM1|tmd_start=207|tmd_end=230|tmd_seq=VLAVRIAVLASICVTQAFMMWKFI|ss_nuc_start=843|ss_seq=GAATAAA|tmd-SS_gap_size=51|ensembl_uniprot_annotation=No_uniprot_annotation|blastp_uniprot_annotation=Q15629|transcript_canonical_status=Alternative|TMD_dG_app=-0.34|SS_dG_fs=1.64|stem_loop_presence=Yes|fs_type=0_frame|frame_transition=no_frameshift|terminal_stop_codon=yes, ensembl_transcript_id=ENST00000521425.5|ensembl_gene_id=ENSG00000067167.8|gene_name=TRAM1|tmd_start=207|tmd_end=230|tmd_seq=VLAVRIAVLASICVTQAFMMWKFI|ss_nuc_start=843|ss_seq=GAATAAA|tmd-SS_gap_size=51|ensembl_uniprot_annotation=No_uniprot_annotation|blastp_uniprot_annotation=Q15629|transcript_canonical_status=Alternative|TMD_dG_app=-0.34|SS_dG_fs=1.64|stem_loop_presence=Yes|fs_type=dual_-1|frame_transition=283|terminal_stop_codon=no, ensembl_transcript_id=ENST00000521425.5|ensembl_gene_id=ENSG00000067167.8|gene_name=TRAM1|tmd_start=207|tmd_end=230|tmd_seq=VLAVRIAVLASICVTQAFMMWKFI|ss_nuc_start=846|ss_seq=TAAAAAA|tmd-SS_gap_size=52|ensembl_uniprot_annotation=No_uniprot_annotation|blastp_uniprot_annotation=Q15629|transcript_canonical_status=Alternative|TMD_dG_app=-0.34|SS_dG_fs=0.93|stem_loop_presence=No|fs_type=0_frame|frame_transition=no_frameshift|terminal_stop_codon=yes, ensembl_transcript_id=ENST00000521425.5|ensembl_gene_id=ENSG00000067167.8|gene_name=TRAM1|tmd_start=207|tmd_end=230|tmd_seq=VLAVRIAVLASICVTQAFMMWKFI|ss_nuc_start=846|ss_seq=TAAAAAA|tmd-SS_gap_size=52|ensembl_uniprot_annotation=No_uniprot_annotation|blastp_uniprot_annotation=Q15629|transcript_canonical_status=Alternative|TMD_dG_app=-0.34|SS_dG_fs=0.93|stem_loop_presence=No|fs_type=dual_-1|frame_transition=284|terminal_stop_codon=no, ensembl_transcript_id=ENST00000521425.5|ensembl_gene_id=ENSG00000067167.8|gene_name=TRAM1|tmd_start=207|tmd_end=230|tmd_seq=VLAVRIAVLASICVTQAFMMWKFI|ss_nuc_start=846|ss_seq=TAAAAAA|tmd-SS_gap_size=52|ensembl_uniprot_annotation=No_uniprot_annotation|blastp_uniprot_annotation=Q15629|transcript_canonical_status=Alternative|TMD_dG_app=-0.34|SS_dG_fs=0.93|stem_loop_presence=No|fs_type=hungry_-1|frame_transition=283|terminal_stop_codon=no, ensembl_transcript_id=ENST00000521425.5|ensembl_gene_id=ENSG00000067167.8|gene_name=TRAM1|tmd_start=207|tmd_end=230|tmd_seq=VLAVRIAVLASICVTQAFMMWKFI|ss_nuc_start=846|ss_seq=TAAAAAA|tmd-SS_gap_size=52|ensembl_uniprot_annotation=No_uniprot_annotation|blastp_uniprot_annotation=Q15629|transcript_canonical_status=Alternative|TMD_dG_app=-0.34|SS_dG_fs=0.93|stem_loop_presence=No|fs_type=hungry_-2|frame_transition=283|terminal_stop_codon=no, ensembl_transcript_id=ENST00000521425.5|ensembl_gene_id=ENSG00000067167.8|gene_name=TRAM1|tmd_start=39|tmd_end=56|tmd_seq=LSAFYLFACVWGTFILIS|ss_nuc_start=279|ss_seq=TTTTCCT|tmd-SS_gap_size=37|ensembl_uniprot_annotation=No_uniprot_annotation|blastp_uniprot_annotation=Q15629|transcript_canonical_status=Alternative|TMD_dG_app=-0.03|SS_dG_fs=2.13|stem_loop_presence=Yes|fs_type=0_frame|frame_transition=no_frameshift|terminal_stop_codon=yes, ensembl_transcript_id=ENST00000521425.5|ensembl_gene_id=ENSG00000067167.8|gene_name=TRAM1|tmd_start=39|tmd_end=56|tmd_seq=LSAFYLFACVWGTFILIS|ss_nuc_start=306|ss_seq=CAAAAAA|tmd-SS_gap_size=46|ensembl_uniprot_annotation=No_uniprot_annotation|blastp_uniprot_annotation=Q15629|transcript_canonical_status=Alternative|TMD_dG_app=-0.03|SS_dG_fs=0.93|stem_loop_presence=Yes|fs_type=0_frame|frame_transition=no_frameshift|terminal_stop_codon=yes, ensembl_transcript_id=ENST00000521425.5|ensembl_gene_id=ENSG00000067167.8|gene_name=TRAM1|tmd_start=39|tmd_end=56|tmd_seq=LSAFYLFACVWGTFILIS|ss_nuc_start=309|ss_seq=AAAAGAA|tmd-SS_gap_size=47|ensembl_uniprot_annotation=No_uniprot_annotation|blastp_uniprot_annotation=Q15629|transcript_canonical_status=Alternative|TMD_dG_app=-0.03|SS_dG_fs=2.46|stem_loop_presence=Yes|fs_type=0_frame|frame_transition=no_frameshift|terminal_stop_codon=yes, ensembl_transcript_id=ENST00000521425.5|ensembl_gene_id=ENSG00000067167.8|gene_name=TRAM1|tmd_start=74|tmd_end=91|tmd_seq=LMTFQMKFFYISQLAYWL|ss_nuc_start=420|ss_seq=TTATTTT|tmd-SS_gap_size=49|ensembl_uniprot_annotation=No_uniprot_annotation|blastp_uniprot_annotation=Q15629|transcript_canonical_status=Alternative|TMD_dG_app=3.03|SS_dG_fs=1.18|stem_loop_presence=Yes|fs_type=0_frame|frame_transition=no_frameshift|terminal_stop_codon=yes, ensembl_transcript_id=ENST00000521425.5|ensembl_gene_id=ENSG00000067167.8|gene_name=TRAM1|tmd_start=74|tmd_end=91|tmd_seq=LMTFQMKFFYISQLAYWL|ss_nuc_start=423|ss_seq=TTTTGTT|tmd-SS_gap_size=50|ensembl_uniprot_annotation=No_uniprot_annotation|blastp_uniprot_annotation=Q15629|transcript_canonical_status=Alternative|TMD_dG_app=3.03|SS_dG_fs=1.49|stem_loop_presence=Yes|fs_type=0_frame|frame_transition=no_frameshift|terminal_stop_codon=yes
ensembl_transcript_id=ENST00000262213.7|ensembl_gene_id=ENSG00000067167.8|gene_name=TRAM1|tmd_start=293|tmd_end=316|tmd_seq=VLAVRIAVLASICVTQAFMMWKFI|ss_nuc_start=1101|ss_seq=GAATAAA|tmd-SS_gap_size=51|ensembl_uniprot_annotation=Q15629|blastp_uniprot_annotation=Q15629|transcript_canonical_status=Canonical|TMD_dG_app=-0.34|SS_dG_fs=1.64|stem_loop_presence=Yes|fs_type=hungry_-1|frame_transition=368|terminal_stop_codon=yes	ensembl_transcript_id=ENST00000262213.7|ensembl_gene_id=ENSG00000067167.8|gene_name=TRAM1|tmd_start=293|tmd_end=316|tmd_seq=VLAVRIAVLASICVTQAFMMWKFI|ss_nuc_start=1101|ss_seq=GAATAAA|tmd-SS_gap_size=51|ensembl_uniprot_annotation=Q15629|blastp_uniprot_annotation=Q15629|transcript_canonical_status=Canonical|TMD_dG_app=-0.34|SS_dG_fs=1.64|stem_loop_presence=Yes|fs_type=hungry_-1|frame_transition=368|terminal_stop_codon=yes	ensembl_transcript_id=ENST00000262213.7|ensembl_gene_id=ENSG00000067167.8|gene_name=TRAM1|tmd_start=293|tmd_end=316|tmd_seq=VLAVRIAVLASICVTQAFMMWKFI|ss_nuc_start=1101|ss_seq=GAATAAA|tmd-SS_gap_size=51|ensembl_uniprot_annotation=Q15629|blastp_uniprot_annotation=Q15629|transcript_canonical_status=Canonical|TMD_dG_app=-0.34|SS_dG_fs=1.64|stem_loop_presence=Yes|fs_type=hungry_-1|frame_transition=368|terminal_stop_codon=yes		368			ensembl_transcript_id=ENST00000262213.7|ensembl_gene_id=ENSG00000067167.8|gene_name=TRAM1|tmd_start=293|tmd_end=316|tmd_seq=VLAVRIAVLASICVTQAFMMWKFI|ss_nuc_start=1101|ss_seq=GAATAAA|tmd-SS_gap_size=51|ensembl_uniprot_annotation=Q15629|blastp_uniprot_annotation=Q15629|transcript_canonical_status=Canonical|TMD_dG_app=-0.34|SS_dG_fs=1.64|stem_loop_presence=Yes|fs_type=hungry_-1|frame_transition=368|terminal_stop_codon=yes	1.0	0.999	2	3	0	3	0	0	0	3	0	0	0	0	0	0	0	0	0	0	0	3	0	0	0.0	0.0	0.0	1.74358624E8	0.0	0.0	0.0	0.0	0.0	0.0	0.0	0.0	ensembl_transcript_id=ENST00000521425.5|ensembl_gene_id=ENSG00000067167.8|gene_name=TRAM1|tmd_start=207|tmd_end=230|tmd_seq=VLAVRIAVLASICVTQAFMMWKFI|ss_nuc_start=843|ss_seq=GAATAAA|tmd-SS_gap_size=51|ensembl_uniprot_annotation=No_uniprot_annotation|blastp_uniprot_annotation=Q15629|transcript_canonical_status=Alternative|TMD_dG_app=-0.34|SS_dG_fs=1.64|stem_loop_presence=Yes|fs_type=hungry_-1|frame_transition=282|terminal_stop_codon=yes
ensembl_transcript_id=ENST00000286091.9|ensembl_gene_id=ENSG00000155660.11|gene_name=PDIA4|tmd_start=4|tmd_end=24|tmd_seq=RKAFLLLLLLGLVQLLAVAGA|ss_nuc_start=180|ss_seq=AGAAAAT|tmd-SS_gap_size=36|ensembl_uniprot_annotation=No_uniprot_annotation|blastp_uniprot_annotation=P13667|transcript_canonical_status=Alternative|TMD_dG_app=-1.55|SS_dG_fs=2.79|stem_loop_presence=Yes|fs_type=0_frame|frame_transition=no_frameshift|terminal_stop_codon=yes	ensembl_transcript_id=ENST00000286091.9|ensembl_gene_id=ENSG00000155660.11|gene_name=PDIA4|tmd_start=4|tmd_end=24|tmd_seq=RKAFLLLLLLGLVQLLAVAGA|ss_nuc_start=180|ss_seq=AGAAAAT|tmd-SS_gap_size=36|ensembl_uniprot_annotation=No_uniprot_annotation|blastp_uniprot_annotation=P13667|transcript_canonical_status=Alternative|TMD_dG_app=-1.55|SS_dG_fs=2.79|stem_loop_presence=Yes|fs_type=0_frame|frame_transition=no_frameshift|terminal_stop_codon=yes	ensembl_transcript_id=ENST00000286091.9|ensembl_gene_id=ENSG00000155660.11|gene_name=PDIA4|tmd_start=4|tmd_end=24|tmd_seq=RKAFLLLLLLGLVQLLAVAGA|ss_nuc_start=180|ss_seq=AGAAAAT|tmd-SS_gap_size=36|ensembl_uniprot_annotation=No_uniprot_annotation|blastp_uniprot_annotation=P13667|transcript_canonical_status=Alternative|TMD_dG_app=-1.55|SS_dG_fs=2.79|stem_loop_presence=Yes|fs_type=0_frame|frame_transition=no_frameshift|terminal_stop_codon=yes		646			ensembl_transcript_id=ENST00000286091.9|ensembl_gene_id=ENSG00000155660.11|gene_name=PDIA4|tmd_start=4|tmd_end=24|tmd_seq=RKAFLLLLLLGLVQLLAVAGA|ss_nuc_start=180|ss_seq=AGAAAAT|tmd-SS_gap_size=36|ensembl_uniprot_annotation=No_uniprot_annotation|blastp_uniprot_annotation=P13667|transcript_canonical_status=Alternative|TMD_dG_app=-1.55|SS_dG_fs=2.79|stem_loop_presence=Yes|fs_type=0_frame|frame_transition=no_frameshift|terminal_stop_codon=yes	1.0	0.999	4	49	0	49	10	15	8	9	5	2	0	0	0	0	0	0	10	15	8	9	5	2	2.82666016E8	2.36774707E9	1.09212848E8	5.8735155E8	3.80367328E8	1.94344E7	2.93084704E8	9.233831E8	2.7323446E7	2.67867664E8	3.37188128E8	2.1398164E7	ensembl_transcript_id=ENST00000286091.9|ensembl_gene_id=ENSG00000155660.11|gene_name=PDIA4|tmd_start=4|tmd_end=24|tmd_seq=RKAFLLLLLLGLVQLLAVAGA|ss_nuc_start=198|ss_seq=CCTAAAT|tmd-SS_gap_size=42|ensembl_uniprot_annotation=No_uniprot_annotation|blastp_uniprot_annotation=P13667|transcript_canonical_status=Alternative|TMD_dG_app=-1.55|SS_dG_fs=1.83|stem_loop_presence=Yes|fs_type=0_frame|frame_transition=no_frameshift|terminal_stop_codon=yes, ensembl_transcript_id=ENST00000286091.9|ensembl_gene_id=ENSG00000155660.11|gene_name=PDIA4|tmd_start=4|tmd_end=24|tmd_seq=RKAFLLLLLLGLVQLLAVAGA|ss_nuc_start=210|ss_seq=AAACTTT|tmd-SS_gap_size=46|ensembl_uniprot_annotation=No_uniprot_annotation|blastp_uniprot_annotation=P13667|transcript_canonical_status=Alternative|TMD_dG_app=-1.55|SS_dG_fs=2.39|stem_loop_presence=Yes|fs_type=0_frame|frame_transition=no_frameshift|terminal_stop_codon=yes, ensembl_transcript_id=ENST00000286091.9|ensembl_gene_id=ENSG00000155660.11|gene_name=PDIA4|tmd_start=4|tmd_end=24|tmd_seq=RKAFLLLLLLGLVQLLAVAGA|ss_nuc_start=219|ss_seq=TAATTTT|tmd-SS_gap_size=49|ensembl_uniprot_annotation=No_uniprot_annotation|blastp_uniprot_annotation=P13667|transcript_canonical_status=Alternative|TMD_dG_app=-1.55|SS_dG_fs=1.81|stem_loop_presence=Yes|fs_type=0_frame|frame_transition=no_frameshift|terminal_stop_codon=yes, ensembl_transcript_id=ENST00000413966.2|ensembl_gene_id=ENSG00000155660.11|gene_name=PDIA4|tmd_start=4|tmd_end=24|tmd_seq=RKAFLLLLLLGLVQLLAVAGA|ss_nuc_start=180|ss_seq=GAAGAAA|tmd-SS_gap_size=36|ensembl_uniprot_annotation=No_uniprot_annotation|blastp_uniprot_annotation=P13667|transcript_canonical_status=Alternative|TMD_dG_app=-1.55|SS_dG_fs=2.86|stem_loop_presence=Yes|fs_type=0_frame|frame_transition=no_frameshift|terminal_stop_codon=yes, ensembl_transcript_id=ENST00000413966.2|ensembl_gene_id=ENSG00000155660.11|gene_name=PDIA4|tmd_start=4|tmd_end=24|tmd_seq=RKAFLLLLLLGLVQLLAVAGA|ss_nuc_start=183|ss_seq=GAAACAA|tmd-SS_gap_size=37|ensembl_uniprot_annotation=No_uniprot_annotation|blastp_uniprot_annotation=P13667|transcript_canonical_status=Alternative|TMD_dG_app=-1.55|SS_dG_fs=2.40|stem_loop_presence=Yes|fs_type=0_frame|frame_transition=no_frameshift|terminal_stop_codon=yes
ensembl_transcript_id=ENST00000295470.10|ensembl_gene_id=ENSG00000152795.18|gene_name=HNRNPDL|tmd_start=12|tmd_end=31|tmd_seq=PPLFPSAPATLASRSLSHWR|ss_nuc_start=225|ss_seq=AAAGGGA|tmd-SS_gap_size=44|ensembl_uniprot_annotation=O14979|blastp_uniprot_annotation=O14979|transcript_canonical_status=Canonical|TMD_dG_app=6.03|SS_dG_fs=2.65|stem_loop_presence=Yes|fs_type=0_frame|frame_transition=no_frameshift|terminal_stop_codon=yes	ensembl_transcript_id=ENST00000295470.10|ensembl_gene_id=ENSG00000152795.18|gene_name=HNRNPDL|tmd_start=12|tmd_end=31|tmd_seq=PPLFPSAPATLASRSLSHWR|ss_nuc_start=225|ss_seq=AAAGGGA|tmd-SS_gap_size=44|ensembl_uniprot_annotation=O14979|blastp_uniprot_annotation=O14979|transcript_canonical_status=Canonical|TMD_dG_app=6.03|SS_dG_fs=2.65|stem_loop_presence=Yes|fs_type=0_frame|frame_transition=no_frameshift|terminal_stop_codon=yes	ensembl_transcript_id=ENST00000295470.10|ensembl_gene_id=ENSG00000152795.18|gene_name=HNRNPDL|tmd_start=12|tmd_end=31|tmd_seq=PPLFPSAPATLASRSLSHWR|ss_nuc_start=225|ss_seq=AAAGGGA|tmd-SS_gap_size=44|ensembl_uniprot_annotation=O14979|blastp_uniprot_annotation=O14979|transcript_canonical_status=Canonical|TMD_dG_app=6.03|SS_dG_fs=2.65|stem_loop_presence=Yes|fs_type=0_frame|frame_transition=no_frameshift|terminal_stop_codon=yes		420			ensembl_transcript_id=ENST00000295470.10|ensembl_gene_id=ENSG00000152795.18|gene_name=HNRNPDL|tmd_start=12|tmd_end=31|tmd_seq=PPLFPSAPATLASRSLSHWR|ss_nuc_start=225|ss_seq=AAAGGGA|tmd-SS_gap_size=44|ensembl_uniprot_annotation=O14979|blastp_uniprot_annotation=O14979|transcript_canonical_status=Canonical|TMD_dG_app=6.03|SS_dG_fs=2.65|stem_loop_presence=Yes|fs_type=0_frame|frame_transition=no_frameshift|terminal_stop_codon=yes	1.0	0.9985	1	4	0	4	3	0	1	0	0	0	0	0	0	0	0	0	3	0	1	0	0	0	4.2855552E8	0.0	7.1519821E8	0.0	0.0	0.0	4.2855552E8	0.0	7.1519821E8	0.0	0.0	0.0	ensembl_transcript_id=ENST00000614627.4|ensembl_gene_id=ENSG00000152795.18|gene_name=HNRNPDL|tmd_start=12|tmd_end=31|tmd_seq=PPLFPSAPATLASRSLSHWR|ss_nuc_start=225|ss_seq=AAAGGGA|tmd-SS_gap_size=44|ensembl_uniprot_annotation=No_uniprot_annotation|blastp_uniprot_annotation=O14979|transcript_canonical_status=Alternative|TMD_dG_app=6.03|SS_dG_fs=2.65|stem_loop_presence=Yes|fs_type=0_frame|frame_transition=no_frameshift|terminal_stop_codon=yes
ensembl_transcript_id=ENST00000296684.10|ensembl_gene_id=ENSG00000164258.12|gene_name=NDUFS4|tmd_start=13|tmd_end=30|tmd_seq=TLWRRRAVAVAALSVSRV|ss_nuc_start=237|ss_seq=CTTTGTT|tmd-SS_gap_size=49|ensembl_uniprot_annotation=O43181|blastp_uniprot_annotation=O43181|transcript_canonical_status=Canonical|TMD_dG_app=2.11|SS_dG_fs=2.42|stem_loop_presence=Yes|fs_type=0_frame|frame_transition=no_frameshift|terminal_stop_codon=yes	ensembl_transcript_id=ENST00000296684.10|ensembl_gene_id=ENSG00000164258.12|gene_name=NDUFS4|tmd_start=13|tmd_end=30|tmd_seq=TLWRRRAVAVAALSVSRV|ss_nuc_start=237|ss_seq=CTTTGTT|tmd-SS_gap_size=49|ensembl_uniprot_annotation=O43181|blastp_uniprot_annotation=O43181|transcript_canonical_status=Canonical|TMD_dG_app=2.11|SS_dG_fs=2.42|stem_loop_presence=Yes|fs_type=0_frame|frame_transition=no_frameshift|terminal_stop_codon=yes	ensembl_transcript_id=ENST00000296684.10|ensembl_gene_id=ENSG00000164258.12|gene_name=NDUFS4|tmd_start=13|tmd_end=30|tmd_seq=TLWRRRAVAVAALSVSRV|ss_nuc_start=237|ss_seq=CTTTGTT|tmd-SS_gap_size=49|ensembl_uniprot_annotation=O43181|blastp_uniprot_annotation=O43181|transcript_canonical_status=Canonical|TMD_dG_app=2.11|SS_dG_fs=2.42|stem_loop_presence=Yes|fs_type=0_frame|frame_transition=no_frameshift|terminal_stop_codon=yes		175			ensembl_transcript_id=ENST00000296684.10|ensembl_gene_id=ENSG00000164258.12|gene_name=NDUFS4|tmd_start=13|tmd_end=30|tmd_seq=TLWRRRAVAVAALSVSRV|ss_nuc_start=237|ss_seq=CTTTGTT|tmd-SS_gap_size=49|ensembl_uniprot_annotation=O43181|blastp_uniprot_annotation=O43181|transcript_canonical_status=Canonical|TMD_dG_app=2.11|SS_dG_fs=2.42|stem_loop_presence=Yes|fs_type=0_frame|frame_transition=no_frameshift|terminal_stop_codon=yes	1.0	0.9972	1	1	1	1	0	0	0	1	0	0	0	0	0	1	0	0	0	0	0	1	0	0	0.0	0.0	0.0	5020920.0	0.0	0.0	0.0	0.0	0.0	0.0	0.0	0.0	
ensembl_transcript_id=ENST00000302401.8|ensembl_gene_id=ENSG00000080503.25|gene_name=SMARCA2|tmd_start=5|tmd_end=24|tmd_seq=RLAARCFAGLLILSPLTVIS|ss_nuc_start=189|ss_seq=AAAAGAA|tmd-SS_gap_size=39|ensembl_uniprot_annotation=No_uniprot_annotation|blastp_uniprot_annotation=P51531|transcript_canonical_status=Alternative|TMD_dG_app=0.17|SS_dG_fs=2.46|stem_loop_presence=Yes|fs_type=0_frame|frame_transition=no_frameshift|terminal_stop_codon=yes	ensembl_transcript_id=ENST00000302401.8|ensembl_gene_id=ENSG00000080503.25|gene_name=SMARCA2|tmd_start=5|tmd_end=24|tmd_seq=RLAARCFAGLLILSPLTVIS|ss_nuc_start=189|ss_seq=AAAAGAA|tmd-SS_gap_size=39|ensembl_uniprot_annotation=No_uniprot_annotation|blastp_uniprot_annotation=P51531|transcript_canonical_status=Alternative|TMD_dG_app=0.17|SS_dG_fs=2.46|stem_loop_presence=Yes|fs_type=0_frame|frame_transition=no_frameshift|terminal_stop_codon=yes	ensembl_transcript_id=ENST00000302401.8|ensembl_gene_id=ENSG00000080503.25|gene_name=SMARCA2|tmd_start=5|tmd_end=24|tmd_seq=RLAARCFAGLLILSPLTVIS|ss_nuc_start=189|ss_seq=AAAAGAA|tmd-SS_gap_size=39|ensembl_uniprot_annotation=No_uniprot_annotation|blastp_uniprot_annotation=P51531|transcript_canonical_status=Alternative|TMD_dG_app=0.17|SS_dG_fs=2.46|stem_loop_presence=Yes|fs_type=0_frame|frame_transition=no_frameshift|terminal_stop_codon=yes		278			ensembl_transcript_id=ENST00000302401.8|ensembl_gene_id=ENSG00000080503.25|gene_name=SMARCA2|tmd_start=5|tmd_end=24|tmd_seq=RLAARCFAGLLILSPLTVIS|ss_nuc_start=189|ss_seq=AAAAGAA|tmd-SS_gap_size=39|ensembl_uniprot_annotation=No_uniprot_annotation|blastp_uniprot_annotation=P51531|transcript_canonical_status=Alternative|TMD_dG_app=0.17|SS_dG_fs=2.46|stem_loop_presence=Yes|fs_type=0_frame|frame_transition=no_frameshift|terminal_stop_codon=yes	1.0	0.999	1	3	0	3	1	2	0	0	0	0	0	0	0	0	0	0	1	2	0	0	0	0	3.508806E7	4.4445176E7	0.0	0.0	0.0	0.0	3.508806E7	3.6788816E7	0.0	0.0	0.0	0.0	ensembl_transcript_id=ENST00000302401.8|ensembl_gene_id=ENSG00000080503.25|gene_name=SMARCA2|tmd_start=5|tmd_end=24|tmd_seq=RLAARCFAGLLILSPLTVIS|ss_nuc_start=201|ss_seq=GGAAAAA|tmd-SS_gap_size=43|ensembl_uniprot_annotation=No_uniprot_annotation|blastp_uniprot_annotation=P51531|transcript_canonical_status=Alternative|TMD_dG_app=0.17|SS_dG_fs=0.93|stem_loop_presence=Yes|fs_type=0_frame|frame_transition=no_frameshift|terminal_stop_codon=yes, ensembl_transcript_id=ENST00000302401.8|ensembl_gene_id=ENSG00000080503.25|gene_name=SMARCA2|tmd_start=5|tmd_end=24|tmd_seq=RLAARCFAGLLILSPLTVIS|ss_nuc_start=228|ss_seq=CCCTCCC|tmd-SS_gap_size=52|ensembl_uniprot_annotation=No_uniprot_annotation|blastp_uniprot_annotation=P51531|transcript_canonical_status=Alternative|TMD_dG_app=0.17|SS_dG_fs=2.13|stem_loop_presence=Yes|fs_type=0_frame|frame_transition=no_frameshift|terminal_stop_codon=yes, ensembl_transcript_id=ENST00000382185.6|ensembl_gene_id=ENSG00000080503.25|gene_name=SMARCA2|tmd_start=3|tmd_end=22|tmd_seq=RLAARCFAGLLILSPLTVIS|ss_nuc_start=183|ss_seq=AAAAGAA|tmd-SS_gap_size=39|ensembl_uniprot_annotation=No_uniprot_annotation|blastp_uniprot_annotation=P51531|transcript_canonical_status=Alternative|TMD_dG_app=0.17|SS_dG_fs=2.46|stem_loop_presence=Yes|fs_type=0_frame|frame_transition=no_frameshift|terminal_stop_codon=yes, ensembl_transcript_id=ENST00000382185.6|ensembl_gene_id=ENSG00000080503.25|gene_name=SMARCA2|tmd_start=3|tmd_end=22|tmd_seq=RLAARCFAGLLILSPLTVIS|ss_nuc_start=195|ss_seq=GGAAAAA|tmd-SS_gap_size=43|ensembl_uniprot_annotation=No_uniprot_annotation|blastp_uniprot_annotation=P51531|transcript_canonical_status=Alternative|TMD_dG_app=0.17|SS_dG_fs=0.93|stem_loop_presence=Yes|fs_type=0_frame|frame_transition=no_frameshift|terminal_stop_codon=yes, ensembl_transcript_id=ENST00000382185.6|ensembl_gene_id=ENSG00000080503.25|gene_name=SMARCA2|tmd_start=3|tmd_end=22|tmd_seq=RLAARCFAGLLILSPLTVIS|ss_nuc_start=222|ss_seq=CCCTCCC|tmd-SS_gap_size=52|ensembl_uniprot_annotation=No_uniprot_annotation|blastp_uniprot_annotation=P51531|transcript_canonical_status=Alternative|TMD_dG_app=0.17|SS_dG_fs=2.13|stem_loop_presence=Yes|fs_type=0_frame|frame_transition=no_frameshift|terminal_stop_codon=yes
ensembl_transcript_id=ENST00000314358.10|ensembl_gene_id=ENSG00000120733.15|gene_name=KDM3B|tmd_start=12|tmd_end=34|tmd_seq=RLLLLFADTAASASASAPAAAAA|ss_nuc_start=237|ss_seq=GGTAAAA|tmd-SS_gap_size=45|ensembl_uniprot_annotation=Q7LBC6|blastp_uniprot_annotation=Q7LBC6|transcript_canonical_status=Canonical|TMD_dG_app=3.27|SS_dG_fs=1.36|stem_loop_presence=Yes|fs_type=0_frame|frame_transition=no_frameshift|terminal_stop_codon=yes	ensembl_transcript_id=ENST00000314358.10|ensembl_gene_id=ENSG00000120733.15|gene_name=KDM3B|tmd_start=12|tmd_end=34|tmd_seq=RLLLLFADTAASASASAPAAAAA|ss_nuc_start=237|ss_seq=GGTAAAA|tmd-SS_gap_size=45|ensembl_uniprot_annotation=Q7LBC6|blastp_uniprot_annotation=Q7LBC6|transcript_canonical_status=Canonical|TMD_dG_app=3.27|SS_dG_fs=1.36|stem_loop_presence=Yes|fs_type=0_frame|frame_transition=no_frameshift|terminal_stop_codon=yes	ensembl_transcript_id=ENST00000314358.10|ensembl_gene_id=ENSG00000120733.15|gene_name=KDM3B|tmd_start=12|tmd_end=34|tmd_seq=RLLLLFADTAASASASAPAAAAA|ss_nuc_start=237|ss_seq=GGTAAAA|tmd-SS_gap_size=45|ensembl_uniprot_annotation=Q7LBC6|blastp_uniprot_annotation=Q7LBC6|transcript_canonical_status=Canonical|TMD_dG_app=3.27|SS_dG_fs=1.36|stem_loop_presence=Yes|fs_type=0_frame|frame_transition=no_frameshift|terminal_stop_codon=yes		1761			ensembl_transcript_id=ENST00000314358.10|ensembl_gene_id=ENSG00000120733.15|gene_name=KDM3B|tmd_start=12|tmd_end=34|tmd_seq=RLLLLFADTAASASASAPAAAAA|ss_nuc_start=237|ss_seq=GGTAAAA|tmd-SS_gap_size=45|ensembl_uniprot_annotation=Q7LBC6|blastp_uniprot_annotation=Q7LBC6|transcript_canonical_status=Canonical|TMD_dG_app=3.27|SS_dG_fs=1.36|stem_loop_presence=Yes|fs_type=0_frame|frame_transition=no_frameshift|terminal_stop_codon=yes	1.0	0.999	2	2	0	2	1	0	1	0	0	0	0	0	0	0	0	0	1	0	1	0	0	0	2.17596496E8	0.0	7.434668E7	0.0	0.0	0.0	0.0	0.0	0.0	0.0	0.0	0.0	ensembl_transcript_id=ENST00000314358.10|ensembl_gene_id=ENSG00000120733.15|gene_name=KDM3B|tmd_start=12|tmd_end=34|tmd_seq=RLLLLFADTAASASASAPAAAAA|ss_nuc_start=240|ss_seq=AAAAGTT|tmd-SS_gap_size=46|ensembl_uniprot_annotation=Q7LBC6|blastp_uniprot_annotation=Q7LBC6|transcript_canonical_status=Canonical|TMD_dG_app=3.27|SS_dG_fs=1.49|stem_loop_presence=Yes|fs_type=0_frame|frame_transition=no_frameshift|terminal_stop_codon=yes, ensembl_transcript_id=ENST00000314358.10|ensembl_gene_id=ENSG00000120733.15|gene_name=KDM3B|tmd_start=12|tmd_end=34|tmd_seq=RLLLLFADTAASASASAPAAAAA|ss_nuc_start=255|ss_seq=GGAAGTT|tmd-SS_gap_size=51|ensembl_uniprot_annotation=Q7LBC6|blastp_uniprot_annotation=Q7LBC6|transcript_canonical_status=Canonical|TMD_dG_app=3.27|SS_dG_fs=2.42|stem_loop_presence=Yes|fs_type=0_frame|frame_transition=no_frameshift|terminal_stop_codon=yes
ensembl_transcript_id=ENST00000320640.11|ensembl_gene_id=ENSG00000129636.13|gene_name=ITFG1|tmd_start=11|tmd_end=34|tmd_seq=WALFSPLLAGLALLGVGPVPARAL|ss_nuc_start=252|ss_seq=TTTTAAA|tmd-SS_gap_size=50|ensembl_uniprot_annotation=Q8TB96|blastp_uniprot_annotation=Q8TB96|transcript_canonical_status=Canonical|TMD_dG_app=0.39|SS_dG_fs=0.93|stem_loop_presence=Yes|fs_type=dual_-1|frame_transition=86|terminal_stop_codon=yes	ensembl_transcript_id=ENST00000320640.11|ensembl_gene_id=ENSG00000129636.13|gene_name=ITFG1|tmd_start=11|tmd_end=34|tmd_seq=WALFSPLLAGLALLGVGPVPARAL|ss_nuc_start=252|ss_seq=TTTTAAA|tmd-SS_gap_size=50|ensembl_uniprot_annotation=Q8TB96|blastp_uniprot_annotation=Q8TB96|transcript_canonical_status=Canonical|TMD_dG_app=0.39|SS_dG_fs=0.93|stem_loop_presence=Yes|fs_type=dual_-1|frame_transition=86|terminal_stop_codon=yes	ensembl_transcript_id=ENST00000320640.11|ensembl_gene_id=ENSG00000129636.13|gene_name=ITFG1|tmd_start=11|tmd_end=34|tmd_seq=WALFSPLLAGLALLGVGPVPARAL|ss_nuc_start=252|ss_seq=TTTTAAA|tmd-SS_gap_size=50|ensembl_uniprot_annotation=Q8TB96|blastp_uniprot_annotation=Q8TB96|transcript_canonical_status=Canonical|TMD_dG_app=0.39|SS_dG_fs=0.93|stem_loop_presence=Yes|fs_type=dual_-1|frame_transition=86|terminal_stop_codon=yes		108			ensembl_transcript_id=ENST00000320640.11|ensembl_gene_id=ENSG00000129636.13|gene_name=ITFG1|tmd_start=11|tmd_end=34|tmd_seq=WALFSPLLAGLALLGVGPVPARAL|ss_nuc_start=252|ss_seq=TTTTAAA|tmd-SS_gap_size=50|ensembl_uniprot_annotation=Q8TB96|blastp_uniprot_annotation=Q8TB96|transcript_canonical_status=Canonical|TMD_dG_app=0.39|SS_dG_fs=0.93|stem_loop_presence=Yes|fs_type=dual_-1|frame_transition=86|terminal_stop_codon=yes	0.9917	0.9975	1	1	1	1	0	0	1	0	0	0	0	0	1	0	0	0	0	0	1	0	0	0	0.0	0.0	1.3295916E7	0.0	0.0	0.0	0.0	0.0	0.0	0.0	0.0	0.0	
ensembl_transcript_id=ENST00000328980.11|ensembl_gene_id=ENSG00000206306.10|gene_name=HLA-DRB1|tmd_start=4|tmd_end=28|tmd_seq=LRLPGGSCMAVLTVTLMVLSSPLAL|ss_nuc_start=219|ss_seq=GGGGGAG|tmd-SS_gap_size=45|ensembl_uniprot_annotation=No_uniprot_annotation|blastp_uniprot_annotation=P79483|transcript_canonical_status=Canonical|TMD_dG_app=0.49|SS_dG_fs=2.65|stem_loop_presence=Yes|fs_type=0_frame|frame_transition=no_frameshift|terminal_stop_codon=yes	ensembl_transcript_id=ENST00000328980.11|ensembl_gene_id=ENSG00000206306.10|gene_name=HLA-DRB1|tmd_start=4|tmd_end=28|tmd_seq=LRLPGGSCMAVLTVTLMVLSSPLAL|ss_nuc_start=219|ss_seq=GGGGGAG|tmd-SS_gap_size=45|ensembl_uniprot_annotation=No_uniprot_annotation|blastp_uniprot_annotation=P79483|transcript_canonical_status=Canonical|TMD_dG_app=0.49|SS_dG_fs=2.65|stem_loop_presence=Yes|fs_type=0_frame|frame_transition=no_frameshift|terminal_stop_codon=yes	ensembl_transcript_id=ENST00000328980.11|ensembl_gene_id=ENSG00000206306.10|gene_name=HLA-DRB1|tmd_start=4|tmd_end=28|tmd_seq=LRLPGGSCMAVLTVTLMVLSSPLAL|ss_nuc_start=219|ss_seq=GGGGGAG|tmd-SS_gap_size=45|ensembl_uniprot_annotation=No_uniprot_annotation|blastp_uniprot_annotation=P79483|transcript_canonical_status=Canonical|TMD_dG_app=0.49|SS_dG_fs=2.65|stem_loop_presence=Yes|fs_type=0_frame|frame_transition=no_frameshift|terminal_stop_codon=yes		266			ensembl_transcript_id=ENST00000328980.11|ensembl_gene_id=ENSG00000206306.10|gene_name=HLA-DRB1|tmd_start=4|tmd_end=28|tmd_seq=LRLPGGSCMAVLTVTLMVLSSPLAL|ss_nuc_start=219|ss_seq=GGGGGAG|tmd-SS_gap_size=45|ensembl_uniprot_annotation=No_uniprot_annotation|blastp_uniprot_annotation=P79483|transcript_canonical_status=Canonical|TMD_dG_app=0.49|SS_dG_fs=2.65|stem_loop_presence=Yes|fs_type=0_frame|frame_transition=no_frameshift|terminal_stop_codon=yes	1.0	0.9985	1	24	0	24	24	0	0	0	0	0	0	0	0	0	0	0	24	0	0	0	0	0	4.6414479E9	0.0	0.0	0.0	0.0	0.0	0.0	0.0	0.0	0.0	0.0	0.0	ensembl_transcript_id=ENST00000399450.6|ensembl_gene_id=ENSG00000206240.11|gene_name=HLA-DRB1|tmd_start=4|tmd_end=28|tmd_seq=LRLPGGSCMAVLTVTLMVLSSPLAL|ss_nuc_start=219|ss_seq=GGGGGAG|tmd-SS_gap_size=45|ensembl_uniprot_annotation=No_uniprot_annotation|blastp_uniprot_annotation=P79483|transcript_canonical_status=Canonical|TMD_dG_app=0.49|SS_dG_fs=2.65|stem_loop_presence=Yes|fs_type=0_frame|frame_transition=no_frameshift|terminal_stop_codon=yes
ensembl_transcript_id=ENST00000336592.11|ensembl_gene_id=ENSG00000158290.19|gene_name=CUL4B|tmd_start=4|tmd_end=22|tmd_seq=VCPVTSGFSSPSPSAAAAA|ss_nuc_start=219|ss_seq=TCCTTTA|tmd-SS_gap_size=51|ensembl_uniprot_annotation=No_uniprot_annotation|blastp_uniprot_annotation=Q13620|transcript_canonical_status=Alternative|TMD_dG_app=7.27|SS_dG_fs=2.43|stem_loop_presence=Yes|fs_type=0_frame|frame_transition=no_frameshift|terminal_stop_codon=yes	ensembl_transcript_id=ENST00000336592.11|ensembl_gene_id=ENSG00000158290.19|gene_name=CUL4B|tmd_start=4|tmd_end=22|tmd_seq=VCPVTSGFSSPSPSAAAAA|ss_nuc_start=219|ss_seq=TCCTTTA|tmd-SS_gap_size=51|ensembl_uniprot_annotation=No_uniprot_annotation|blastp_uniprot_annotation=Q13620|transcript_canonical_status=Alternative|TMD_dG_app=7.27|SS_dG_fs=2.43|stem_loop_presence=Yes|fs_type=0_frame|frame_transition=no_frameshift|terminal_stop_codon=yes	ensembl_transcript_id=ENST00000336592.11|ensembl_gene_id=ENSG00000158290.19|gene_name=CUL4B|tmd_start=4|tmd_end=22|tmd_seq=VCPVTSGFSSPSPSAAAAA|ss_nuc_start=219|ss_seq=TCCTTTA|tmd-SS_gap_size=51|ensembl_uniprot_annotation=No_uniprot_annotation|blastp_uniprot_annotation=Q13620|transcript_canonical_status=Alternative|TMD_dG_app=7.27|SS_dG_fs=2.43|stem_loop_presence=Yes|fs_type=0_frame|frame_transition=no_frameshift|terminal_stop_codon=yes		900			ensembl_transcript_id=ENST00000336592.11|ensembl_gene_id=ENSG00000158290.19|gene_name=CUL4B|tmd_start=4|tmd_end=22|tmd_seq=VCPVTSGFSSPSPSAAAAA|ss_nuc_start=219|ss_seq=TCCTTTA|tmd-SS_gap_size=51|ensembl_uniprot_annotation=No_uniprot_annotation|blastp_uniprot_annotation=Q13620|transcript_canonical_status=Alternative|TMD_dG_app=7.27|SS_dG_fs=2.43|stem_loop_presence=Yes|fs_type=0_frame|frame_transition=no_frameshift|terminal_stop_codon=yes	1.0	0.999	1	4	0	4	0	1	2	1	0	0	0	0	0	0	0	0	0	1	2	1	0	0	0.0	8.4615264E7	6.4423776E7	1.0720779E7	0.0	0.0	0.0	8.4615264E7	6.4423776E7	1.0720779E7	0.0	0.0	ensembl_transcript_id=ENST00000336592.11|ensembl_gene_id=ENSG00000158290.19|gene_name=CUL4B|tmd_start=4|tmd_end=22|tmd_seq=VCPVTSGFSSPSPSAAAAA|ss_nuc_start=222|ss_seq=TTTACAA|tmd-SS_gap_size=52|ensembl_uniprot_annotation=No_uniprot_annotation|blastp_uniprot_annotation=Q13620|transcript_canonical_status=Alternative|TMD_dG_app=7.27|SS_dG_fs=2.32|stem_loop_presence=Yes|fs_type=0_frame|frame_transition=no_frameshift|terminal_stop_codon=yes, ensembl_transcript_id=ENST00000681206.1|ensembl_gene_id=ENSG00000158290.19|gene_name=CUL4B|tmd_start=4|tmd_end=22|tmd_seq=VCPVTSGFSSPSPSAAAAA|ss_nuc_start=219|ss_seq=TCCTTTA|tmd-SS_gap_size=51|ensembl_uniprot_annotation=No_uniprot_annotation|blastp_uniprot_annotation=Q13620|transcript_canonical_status=Alternative|TMD_dG_app=7.27|SS_dG_fs=2.43|stem_loop_presence=Yes|fs_type=0_frame|frame_transition=no_frameshift|terminal_stop_codon=yes, ensembl_transcript_id=ENST00000681206.1|ensembl_gene_id=ENSG00000158290.19|gene_name=CUL4B|tmd_start=4|tmd_end=22|tmd_seq=VCPVTSGFSSPSPSAAAAA|ss_nuc_start=222|ss_seq=TTTACAA|tmd-SS_gap_size=52|ensembl_uniprot_annotation=No_uniprot_annotation|blastp_uniprot_annotation=Q13620|transcript_canonical_status=Alternative|TMD_dG_app=7.27|SS_dG_fs=2.32|stem_loop_presence=Yes|fs_type=0_frame|frame_transition=no_frameshift|terminal_stop_codon=yes
ensembl_transcript_id=ENST00000344922.10|ensembl_gene_id=ENSG00000154305.18|gene_name=MIA3|tmd_start=1182|tmd_end=1204|tmd_seq=VFITAFLGIASFAIFLWRTVLVV|ss_nuc_start=3732|ss_seq=AAAGAAA|tmd-SS_gap_size=40|ensembl_uniprot_annotation=Q5JRA6|blastp_uniprot_annotation=Q5JRA6|transcript_canonical_status=Canonical|TMD_dG_app=-1.79|SS_dG_fs=2.48|stem_loop_presence=Yes|fs_type=0_frame|frame_transition=no_frameshift|terminal_stop_codon=yes	ensembl_transcript_id=ENST00000344922.10|ensembl_gene_id=ENSG00000154305.18|gene_name=MIA3|tmd_start=1182|tmd_end=1204|tmd_seq=VFITAFLGIASFAIFLWRTVLVV|ss_nuc_start=3732|ss_seq=AAAGAAA|tmd-SS_gap_size=40|ensembl_uniprot_annotation=Q5JRA6|blastp_uniprot_annotation=Q5JRA6|transcript_canonical_status=Canonical|TMD_dG_app=-1.79|SS_dG_fs=2.48|stem_loop_presence=Yes|fs_type=0_frame|frame_transition=no_frameshift|terminal_stop_codon=yes	ensembl_transcript_id=ENST00000344922.10|ensembl_gene_id=ENSG00000154305.18|gene_name=MIA3|tmd_start=1182|tmd_end=1204|tmd_seq=VFITAFLGIASFAIFLWRTVLVV|ss_nuc_start=3732|ss_seq=AAAGAAA|tmd-SS_gap_size=40|ensembl_uniprot_annotation=Q5JRA6|blastp_uniprot_annotation=Q5JRA6|transcript_canonical_status=Canonical|TMD_dG_app=-1.79|SS_dG_fs=2.48|stem_loop_presence=Yes|fs_type=0_frame|frame_transition=no_frameshift|terminal_stop_codon=yes		1907			ensembl_transcript_id=ENST00000344922.10|ensembl_gene_id=ENSG00000154305.18|gene_name=MIA3|tmd_start=1182|tmd_end=1204|tmd_seq=VFITAFLGIASFAIFLWRTVLVV|ss_nuc_start=3732|ss_seq=AAAGAAA|tmd-SS_gap_size=40|ensembl_uniprot_annotation=Q5JRA6|blastp_uniprot_annotation=Q5JRA6|transcript_canonical_status=Canonical|TMD_dG_app=-1.79|SS_dG_fs=2.48|stem_loop_presence=Yes|fs_type=0_frame|frame_transition=no_frameshift|terminal_stop_codon=yes	1.0	0.9969	1	2	0	2	1	0	1	0	0	0	0	0	0	0	0	0	1	0	1	0	0	0	5.26844896E8	0.0	8.0700368E7	0.0	0.0	0.0	5.26844896E8	0.0	8.0700368E7	0.0	0.0	0.0	ensembl_transcript_id=ENST00000344922.10|ensembl_gene_id=ENSG00000154305.18|gene_name=MIA3|tmd_start=1182|tmd_end=1204|tmd_seq=VFITAFLGIASFAIFLWRTVLVV|ss_nuc_start=3756|ss_seq=GAAACAA|tmd-SS_gap_size=48|ensembl_uniprot_annotation=Q5JRA6|blastp_uniprot_annotation=Q5JRA6|transcript_canonical_status=Canonical|TMD_dG_app=-1.79|SS_dG_fs=2.40|stem_loop_presence=Yes|fs_type=0_frame|frame_transition=no_frameshift|terminal_stop_codon=yes, ensembl_transcript_id=ENST00000344922.10|ensembl_gene_id=ENSG00000154305.18|gene_name=MIA3|tmd_start=1182|tmd_end=1204|tmd_seq=VFITAFLGIASFAIFLWRTVLVV|ss_nuc_start=3759|ss_seq=ACAAAAT|tmd-SS_gap_size=49|ensembl_uniprot_annotation=Q5JRA6|blastp_uniprot_annotation=Q5JRA6|transcript_canonical_status=Canonical|TMD_dG_app=-1.79|SS_dG_fs=2.35|stem_loop_presence=Yes|fs_type=0_frame|frame_transition=no_frameshift|terminal_stop_codon=yes, ensembl_transcript_id=ENST00000344922.10|ensembl_gene_id=ENSG00000154305.18|gene_name=MIA3|tmd_start=1|tmd_end=20|tmd_seq=MAAAPGLLVWLLVLRLPWRV|ss_nuc_start=192|ss_seq=GAATTTT|tmd-SS_gap_size=44|ensembl_uniprot_annotation=Q5JRA6|blastp_uniprot_annotation=Q5JRA6|transcript_canonical_status=Canonical|TMD_dG_app=-0.07|SS_dG_fs=0.71|stem_loop_presence=Yes|fs_type=0_frame|frame_transition=no_frameshift|terminal_stop_codon=yes, ensembl_transcript_id=ENST00000344922.10|ensembl_gene_id=ENSG00000154305.18|gene_name=MIA3|tmd_start=1|tmd_end=20|tmd_seq=MAAAPGLLVWLLVLRLPWRV|ss_nuc_start=195|ss_seq=TTTTAAA|tmd-SS_gap_size=45|ensembl_uniprot_annotation=Q5JRA6|blastp_uniprot_annotation=Q5JRA6|transcript_canonical_status=Canonical|TMD_dG_app=-0.07|SS_dG_fs=0.93|stem_loop_presence=Yes|fs_type=0_frame|frame_transition=no_frameshift|terminal_stop_codon=yes, ensembl_transcript_id=ENST00000344922.10|ensembl_gene_id=ENSG00000154305.18|gene_name=MIA3|tmd_start=1|tmd_end=20|tmd_seq=MAAAPGLLVWLLVLRLPWRV|ss_nuc_start=198|ss_seq=TAAAAAA|tmd-SS_gap_size=46|ensembl_uniprot_annotation=Q5JRA6|blastp_uniprot_annotation=Q5JRA6|transcript_canonical_status=Canonical|TMD_dG_app=-0.07|SS_dG_fs=0.93|stem_loop_presence=Yes|fs_type=0_frame|frame_transition=no_frameshift|terminal_stop_codon=yes
ensembl_transcript_id=ENST00000347136.11|ensembl_gene_id=ENSG00000148358.21|gene_name=GPR107|tmd_start=265|tmd_end=285|tmd_seq=LYISMAFFFFLSGTIWIHILR|ss_nuc_start=1014|ss_seq=TTTGAAA|tmd-SS_gap_size=53|ensembl_uniprot_annotation=Q5VW38|blastp_uniprot_annotation=Q5VW38|transcript_canonical_status=Canonical|TMD_dG_app=-0.90|SS_dG_fs=2.37|stem_loop_presence=Yes|fs_type=0_frame|frame_transition=no_frameshift|terminal_stop_codon=yes	ensembl_transcript_id=ENST00000347136.11|ensembl_gene_id=ENSG00000148358.21|gene_name=GPR107|tmd_start=265|tmd_end=285|tmd_seq=LYISMAFFFFLSGTIWIHILR|ss_nuc_start=1014|ss_seq=TTTGAAA|tmd-SS_gap_size=53|ensembl_uniprot_annotation=Q5VW38|blastp_uniprot_annotation=Q5VW38|transcript_canonical_status=Canonical|TMD_dG_app=-0.90|SS_dG_fs=2.37|stem_loop_presence=Yes|fs_type=0_frame|frame_transition=no_frameshift|terminal_stop_codon=yes	ensembl_transcript_id=ENST00000347136.11|ensembl_gene_id=ENSG00000148358.21|gene_name=GPR107|tmd_start=265|tmd_end=285|tmd_seq=LYISMAFFFFLSGTIWIHILR|ss_nuc_start=1014|ss_seq=TTTGAAA|tmd-SS_gap_size=53|ensembl_uniprot_annotation=Q5VW38|blastp_uniprot_annotation=Q5VW38|transcript_canonical_status=Canonical|TMD_dG_app=-0.90|SS_dG_fs=2.37|stem_loop_presence=Yes|fs_type=0_frame|frame_transition=no_frameshift|terminal_stop_codon=yes		552			ensembl_transcript_id=ENST00000347136.11|ensembl_gene_id=ENSG00000148358.21|gene_name=GPR107|tmd_start=265|tmd_end=285|tmd_seq=LYISMAFFFFLSGTIWIHILR|ss_nuc_start=1014|ss_seq=TTTGAAA|tmd-SS_gap_size=53|ensembl_uniprot_annotation=Q5VW38|blastp_uniprot_annotation=Q5VW38|transcript_canonical_status=Canonical|TMD_dG_app=-0.90|SS_dG_fs=2.37|stem_loop_presence=Yes|fs_type=0_frame|frame_transition=no_frameshift|terminal_stop_codon=yes	0.9998	0.999	1	1	0	1	0	0	1	0	0	0	0	0	0	0	0	0	0	0	1	0	0	0	0.0	0.0	6.1777712E7	0.0	0.0	0.0	0.0	0.0	0.0	0.0	0.0	0.0	ensembl_transcript_id=ENST00000347136.11|ensembl_gene_id=ENSG00000148358.21|gene_name=GPR107|tmd_start=265|tmd_end=285|tmd_seq=LYISMAFFFFLSGTIWIHILR|ss_nuc_start=972|ss_seq=CCCTATC|tmd-SS_gap_size=39|ensembl_uniprot_annotation=Q5VW38|blastp_uniprot_annotation=Q5VW38|transcript_canonical_status=Canonical|TMD_dG_app=-0.90|SS_dG_fs=2.81|stem_loop_presence=Yes|fs_type=0_frame|frame_transition=no_frameshift|terminal_stop_codon=yes, ensembl_transcript_id=ENST00000347136.11|ensembl_gene_id=ENSG00000148358.21|gene_name=GPR107|tmd_start=291|tmd_end=311|tmd_seq=VFKIHWLMAALPFTKSLSLVF|ss_nuc_start=1068|ss_seq=TTTCATT|tmd-SS_gap_size=45|ensembl_uniprot_annotation=Q5VW38|blastp_uniprot_annotation=Q5VW38|transcript_canonical_status=Canonical|TMD_dG_app=3.01|SS_dG_fs=2.79|stem_loop_presence=Yes|fs_type=0_frame|frame_transition=no_frameshift|terminal_stop_codon=yes, ensembl_transcript_id=ENST00000347136.11|ensembl_gene_id=ENSG00000148358.21|gene_name=GPR107|tmd_start=368|tmd_end=387|tmd_seq=KIFMIVIPLQVLANVAYIII|ss_nuc_start=1275|ss_seq=TTTACAA|tmd-SS_gap_size=38|ensembl_uniprot_annotation=Q5VW38|blastp_uniprot_annotation=Q5VW38|transcript_canonical_status=Canonical|TMD_dG_app=1.40|SS_dG_fs=2.32|stem_loop_presence=Yes|fs_type=0_frame|frame_transition=no_frameshift|terminal_stop_codon=yes
ensembl_transcript_id=ENST00000351698.5|ensembl_gene_id=ENSG00000136827.12|gene_name=TOR1A|tmd_start=24|tmd_end=46|tmd_seq=ISLGLALAGVLTGYIYPRLYCLF|ss_nuc_start=267|ss_seq=CCCAAAG|tmd-SS_gap_size=43|ensembl_uniprot_annotation=O14656|blastp_uniprot_annotation=O14656|transcript_canonical_status=Canonical|TMD_dG_app=0.78|SS_dG_fs=2.89|stem_loop_presence=Yes|fs_type=dual_-1|frame_transition=91|terminal_stop_codon=yes	ensembl_transcript_id=ENST00000351698.5|ensembl_gene_id=ENSG00000136827.12|gene_name=TOR1A|tmd_start=24|tmd_end=46|tmd_seq=ISLGLALAGVLTGYIYPRLYCLF|ss_nuc_start=267|ss_seq=CCCAAAG|tmd-SS_gap_size=43|ensembl_uniprot_annotation=O14656|blastp_uniprot_annotation=O14656|transcript_canonical_status=Canonical|TMD_dG_app=0.78|SS_dG_fs=2.89|stem_loop_presence=Yes|fs_type=dual_-1|frame_transition=91|terminal_stop_codon=yes	ensembl_transcript_id=ENST00000351698.5|ensembl_gene_id=ENSG00000136827.12|gene_name=TOR1A|tmd_start=24|tmd_end=46|tmd_seq=ISLGLALAGVLTGYIYPRLYCLF|ss_nuc_start=267|ss_seq=CCCAAAG|tmd-SS_gap_size=43|ensembl_uniprot_annotation=O14656|blastp_uniprot_annotation=O14656|transcript_canonical_status=Canonical|TMD_dG_app=0.78|SS_dG_fs=2.89|stem_loop_presence=Yes|fs_type=dual_-1|frame_transition=91|terminal_stop_codon=yes		126			ensembl_transcript_id=ENST00000351698.5|ensembl_gene_id=ENSG00000136827.12|gene_name=TOR1A|tmd_start=24|tmd_end=46|tmd_seq=ISLGLALAGVLTGYIYPRLYCLF|ss_nuc_start=267|ss_seq=CCCAAAG|tmd-SS_gap_size=43|ensembl_uniprot_annotation=O14656|blastp_uniprot_annotation=O14656|transcript_canonical_status=Canonical|TMD_dG_app=0.78|SS_dG_fs=2.89|stem_loop_presence=Yes|fs_type=dual_-1|frame_transition=91|terminal_stop_codon=yes	1.0	0.9982	1	2	0	2	1	0	0	0	1	0	0	0	0	0	0	0	1	0	0	0	1	0	2.43501664E8	0.0	0.0	0.0	5.4613584E7	0.0	2.43501664E8	0.0	0.0	0.0	5.4613584E7	0.0	ensembl_transcript_id=ENST00000351698.5|ensembl_gene_id=ENSG00000136827.12|gene_name=TOR1A|tmd_start=24|tmd_end=46|tmd_seq=ISLGLALAGVLTGYIYPRLYCLF|ss_nuc_start=267|ss_seq=CCCAAAG|tmd-SS_gap_size=43|ensembl_uniprot_annotation=O14656|blastp_uniprot_annotation=O14656|transcript_canonical_status=Canonical|TMD_dG_app=0.78|SS_dG_fs=2.89|stem_loop_presence=Yes|fs_type=hungry_-1|frame_transition=90|terminal_stop_codon=yes, ensembl_transcript_id=ENST00000651202.1|ensembl_gene_id=ENSG00000136827.12|gene_name=TOR1A|tmd_start=56|tmd_end=78|tmd_seq=ISLGLALAGVLTGYIYPRLYCLF|ss_nuc_start=363|ss_seq=CCCAAAG|tmd-SS_gap_size=43|ensembl_uniprot_annotation=No_uniprot_annotation|blastp_uniprot_annotation=O14656|transcript_canonical_status=Alternative|TMD_dG_app=0.78|SS_dG_fs=2.89|stem_loop_presence=Yes|fs_type=dual_-1|frame_transition=123|terminal_stop_codon=yes, ensembl_transcript_id=ENST00000651202.1|ensembl_gene_id=ENSG00000136827.12|gene_name=TOR1A|tmd_start=56|tmd_end=78|tmd_seq=ISLGLALAGVLTGYIYPRLYCLF|ss_nuc_start=363|ss_seq=CCCAAAG|tmd-SS_gap_size=43|ensembl_uniprot_annotation=No_uniprot_annotation|blastp_uniprot_annotation=O14656|transcript_canonical_status=Alternative|TMD_dG_app=0.78|SS_dG_fs=2.89|stem_loop_presence=Yes|fs_type=hungry_-1|frame_transition=122|terminal_stop_codon=yes
ensembl_transcript_id=ENST00000366431.2|ensembl_gene_id=ENSG00000235360.2|gene_name=C6orf47|tmd_start=182|tmd_end=206|tmd_seq=LTLHLLELLASALLALCSRPLRAAL|ss_nuc_start=726|ss_seq=CCCTTTG|tmd-SS_gap_size=36|ensembl_uniprot_annotation=O95873|blastp_uniprot_annotation=O95873|transcript_canonical_status=Canonical|TMD_dG_app=0.13|SS_dG_fs=2.39|stem_loop_presence=Yes|fs_type=0_frame|frame_transition=no_frameshift|terminal_stop_codon=yes	ensembl_transcript_id=ENST00000366431.2|ensembl_gene_id=ENSG00000235360.2|gene_name=C6orf47|tmd_start=182|tmd_end=206|tmd_seq=LTLHLLELLASALLALCSRPLRAAL|ss_nuc_start=726|ss_seq=CCCTTTG|tmd-SS_gap_size=36|ensembl_uniprot_annotation=O95873|blastp_uniprot_annotation=O95873|transcript_canonical_status=Canonical|TMD_dG_app=0.13|SS_dG_fs=2.39|stem_loop_presence=Yes|fs_type=0_frame|frame_transition=no_frameshift|terminal_stop_codon=yes	ensembl_transcript_id=ENST00000366431.2|ensembl_gene_id=ENSG00000235360.2|gene_name=C6orf47|tmd_start=182|tmd_end=206|tmd_seq=LTLHLLELLASALLALCSRPLRAAL|ss_nuc_start=726|ss_seq=CCCTTTG|tmd-SS_gap_size=36|ensembl_uniprot_annotation=O95873|blastp_uniprot_annotation=O95873|transcript_canonical_status=Canonical|TMD_dG_app=0.13|SS_dG_fs=2.39|stem_loop_presence=Yes|fs_type=0_frame|frame_transition=no_frameshift|terminal_stop_codon=yes		294			ensembl_transcript_id=ENST00000366431.2|ensembl_gene_id=ENSG00000235360.2|gene_name=C6orf47|tmd_start=182|tmd_end=206|tmd_seq=LTLHLLELLASALLALCSRPLRAAL|ss_nuc_start=726|ss_seq=CCCTTTG|tmd-SS_gap_size=36|ensembl_uniprot_annotation=O95873|blastp_uniprot_annotation=O95873|transcript_canonical_status=Canonical|TMD_dG_app=0.13|SS_dG_fs=2.39|stem_loop_presence=Yes|fs_type=0_frame|frame_transition=no_frameshift|terminal_stop_codon=yes	1.0	0.9988	1	2	0	2	0	1	0	0	1	0	0	0	0	0	0	0	0	1	0	0	1	0	0.0	7.6942168E7	0.0	0.0	3.7921368E7	0.0	0.0	7.6942168E7	0.0	0.0	3.7921368E7	0.0	ensembl_transcript_id=ENST00000366431.2|ensembl_gene_id=ENSG00000235360.2|gene_name=C6orf47|tmd_start=182|tmd_end=206|tmd_seq=LTLHLLELLASALLALCSRPLRAAL|ss_nuc_start=726|ss_seq=CCCTTTG|tmd-SS_gap_size=36|ensembl_uniprot_annotation=O95873|blastp_uniprot_annotation=O95873|transcript_canonical_status=Canonical|TMD_dG_app=0.13|SS_dG_fs=2.39|stem_loop_presence=Yes|fs_type=dual_-1|frame_transition=244|terminal_stop_codon=yes, ensembl_transcript_id=ENST00000366431.2|ensembl_gene_id=ENSG00000235360.2|gene_name=C6orf47|tmd_start=182|tmd_end=206|tmd_seq=LTLHLLELLASALLALCSRPLRAAL|ss_nuc_start=726|ss_seq=CCCTTTG|tmd-SS_gap_size=36|ensembl_uniprot_annotation=O95873|blastp_uniprot_annotation=O95873|transcript_canonical_status=Canonical|TMD_dG_app=0.13|SS_dG_fs=2.39|stem_loop_presence=Yes|fs_type=hungry_-1|frame_transition=243|terminal_stop_codon=yes, ensembl_transcript_id=ENST00000366431.2|ensembl_gene_id=ENSG00000235360.2|gene_name=C6orf47|tmd_start=182|tmd_end=206|tmd_seq=LTLHLLELLASALLALCSRPLRAAL|ss_nuc_start=726|ss_seq=CCCTTTG|tmd-SS_gap_size=36|ensembl_uniprot_annotation=O95873|blastp_uniprot_annotation=O95873|transcript_canonical_status=Canonical|TMD_dG_app=0.13|SS_dG_fs=2.39|stem_loop_presence=Yes|fs_type=hungry_-2|frame_transition=243|terminal_stop_codon=no, ensembl_transcript_id=ENST00000366432.2|ensembl_gene_id=ENSG00000203623.4|gene_name=C6orf47|tmd_start=182|tmd_end=206|tmd_seq=LTLHLLELLASALLALCSRPLRAAL|ss_nuc_start=726|ss_seq=CCCTTTG|tmd-SS_gap_size=36|ensembl_uniprot_annotation=O95873|blastp_uniprot_annotation=O95873|transcript_canonical_status=Canonical|TMD_dG_app=0.13|SS_dG_fs=2.39|stem_loop_presence=Yes|fs_type=0_frame|frame_transition=no_frameshift|terminal_stop_codon=yes, ensembl_transcript_id=ENST00000366432.2|ensembl_gene_id=ENSG00000203623.4|gene_name=C6orf47|tmd_start=182|tmd_end=206|tmd_seq=LTLHLLELLASALLALCSRPLRAAL|ss_nuc_start=726|ss_seq=CCCTTTG|tmd-SS_gap_size=36|ensembl_uniprot_annotation=O95873|blastp_uniprot_annotation=O95873|transcript_canonical_status=Canonical|TMD_dG_app=0.13|SS_dG_fs=2.39|stem_loop_presence=Yes|fs_type=dual_-1|frame_transition=244|terminal_stop_codon=yes, ensembl_transcript_id=ENST00000366432.2|ensembl_gene_id=ENSG00000203623.4|gene_name=C6orf47|tmd_start=182|tmd_end=206|tmd_seq=LTLHLLELLASALLALCSRPLRAAL|ss_nuc_start=726|ss_seq=CCCTTTG|tmd-SS_gap_size=36|ensembl_uniprot_annotation=O95873|blastp_uniprot_annotation=O95873|transcript_canonical_status=Canonical|TMD_dG_app=0.13|SS_dG_fs=2.39|stem_loop_presence=Yes|fs_type=hungry_-1|frame_transition=243|terminal_stop_codon=yes, ensembl_transcript_id=ENST00000366432.2|ensembl_gene_id=ENSG00000203623.4|gene_name=C6orf47|tmd_start=182|tmd_end=206|tmd_seq=LTLHLLELLASALLALCSRPLRAAL|ss_nuc_start=726|ss_seq=CCCTTTG|tmd-SS_gap_size=36|ensembl_uniprot_annotation=O95873|blastp_uniprot_annotation=O95873|transcript_canonical_status=Canonical|TMD_dG_app=0.13|SS_dG_fs=2.39|stem_loop_presence=Yes|fs_type=hungry_-2|frame_transition=243|terminal_stop_codon=no, ensembl_transcript_id=ENST00000413113.1|ensembl_gene_id=ENSG00000226103.2|gene_name=C6orf47|tmd_start=182|tmd_end=206|tmd_seq=LTLHLLELLASALLALCSRPLRAAL|ss_nuc_start=726|ss_seq=CCCTTTG|tmd-SS_gap_size=36|ensembl_uniprot_annotation=O95873|blastp_uniprot_annotation=O95873|transcript_canonical_status=Canonical|TMD_dG_app=0.13|SS_dG_fs=2.39|stem_loop_presence=Yes|fs_type=0_frame|frame_transition=no_frameshift|terminal_stop_codon=yes, ensembl_transcript_id=ENST00000413113.1|ensembl_gene_id=ENSG00000226103.2|gene_name=C6orf47|tmd_start=182|tmd_end=206|tmd_seq=LTLHLLELLASALLALCSRPLRAAL|ss_nuc_start=726|ss_seq=CCCTTTG|tmd-SS_gap_size=36|ensembl_uniprot_annotation=O95873|blastp_uniprot_annotation=O95873|transcript_canonical_status=Canonical|TMD_dG_app=0.13|SS_dG_fs=2.39|stem_loop_presence=Yes|fs_type=dual_-1|frame_transition=244|terminal_stop_codon=yes, ensembl_transcript_id=ENST00000413113.1|ensembl_gene_id=ENSG00000226103.2|gene_name=C6orf47|tmd_start=182|tmd_end=206|tmd_seq=LTLHLLELLASALLALCSRPLRAAL|ss_nuc_start=726|ss_seq=CCCTTTG|tmd-SS_gap_size=36|ensembl_uniprot_annotation=O95873|blastp_uniprot_annotation=O95873|transcript_canonical_status=Canonical|TMD_dG_app=0.13|SS_dG_fs=2.39|stem_loop_presence=Yes|fs_type=hungry_-1|frame_transition=243|terminal_stop_codon=yes, ensembl_transcript_id=ENST00000413113.1|ensembl_gene_id=ENSG00000226103.2|gene_name=C6orf47|tmd_start=182|tmd_end=206|tmd_seq=LTLHLLELLASALLALCSRPLRAAL|ss_nuc_start=726|ss_seq=CCCTTTG|tmd-SS_gap_size=36|ensembl_uniprot_annotation=O95873|blastp_uniprot_annotation=O95873|transcript_canonical_status=Canonical|TMD_dG_app=0.13|SS_dG_fs=2.39|stem_loop_presence=Yes|fs_type=hungry_-2|frame_transition=243|terminal_stop_codon=no, ensembl_transcript_id=ENST00000418357.1|ensembl_gene_id=ENSG00000226531.2|gene_name=C6orf47|tmd_start=182|tmd_end=206|tmd_seq=LTLHLLELLASALLALCSRPLRAAL|ss_nuc_start=726|ss_seq=CCCTTTG|tmd-SS_gap_size=36|ensembl_uniprot_annotation=O95873|blastp_uniprot_annotation=O95873|transcript_canonical_status=Canonical|TMD_dG_app=0.13|SS_dG_fs=2.39|stem_loop_presence=Yes|fs_type=0_frame|frame_transition=no_frameshift|terminal_stop_codon=yes, ensembl_transcript_id=ENST00000418357.1|ensembl_gene_id=ENSG00000226531.2|gene_name=C6orf47|tmd_start=182|tmd_end=206|tmd_seq=LTLHLLELLASALLALCSRPLRAAL|ss_nuc_start=726|ss_seq=CCCTTTG|tmd-SS_gap_size=36|ensembl_uniprot_annotation=O95873|blastp_uniprot_annotation=O95873|transcript_canonical_status=Canonical|TMD_dG_app=0.13|SS_dG_fs=2.39|stem_loop_presence=Yes|fs_type=dual_-1|frame_transition=244|terminal_stop_codon=yes, ensembl_transcript_id=ENST00000418357.1|ensembl_gene_id=ENSG00000226531.2|gene_name=C6orf47|tmd_start=182|tmd_end=206|tmd_seq=LTLHLLELLASALLALCSRPLRAAL|ss_nuc_start=726|ss_seq=CCCTTTG|tmd-SS_gap_size=36|ensembl_uniprot_annotation=O95873|blastp_uniprot_annotation=O95873|transcript_canonical_status=Canonical|TMD_dG_app=0.13|SS_dG_fs=2.39|stem_loop_presence=Yes|fs_type=hungry_-1|frame_transition=243|terminal_stop_codon=yes, ensembl_transcript_id=ENST00000418357.1|ensembl_gene_id=ENSG00000226531.2|gene_name=C6orf47|tmd_start=182|tmd_end=206|tmd_seq=LTLHLLELLASALLALCSRPLRAAL|ss_nuc_start=726|ss_seq=CCCTTTG|tmd-SS_gap_size=36|ensembl_uniprot_annotation=O95873|blastp_uniprot_annotation=O95873|transcript_canonical_status=Canonical|TMD_dG_app=0.13|SS_dG_fs=2.39|stem_loop_presence=Yes|fs_type=hungry_-2|frame_transition=243|terminal_stop_codon=no, ensembl_transcript_id=ENST00000431256.1|ensembl_gene_id=ENSG00000228435.2|gene_name=C6orf47|tmd_start=182|tmd_end=206|tmd_seq=LTLHLLELLASALLALCSRPLRAAL|ss_nuc_start=726|ss_seq=CCCTTTG|tmd-SS_gap_size=36|ensembl_uniprot_annotation=O95873|blastp_uniprot_annotation=O95873|transcript_canonical_status=Canonical|TMD_dG_app=0.13|SS_dG_fs=2.39|stem_loop_presence=Yes|fs_type=0_frame|frame_transition=no_frameshift|terminal_stop_codon=yes, ensembl_transcript_id=ENST00000431256.1|ensembl_gene_id=ENSG00000228435.2|gene_name=C6orf47|tmd_start=182|tmd_end=206|tmd_seq=LTLHLLELLASALLALCSRPLRAAL|ss_nuc_start=726|ss_seq=CCCTTTG|tmd-SS_gap_size=36|ensembl_uniprot_annotation=O95873|blastp_uniprot_annotation=O95873|transcript_canonical_status=Canonical|TMD_dG_app=0.13|SS_dG_fs=2.39|stem_loop_presence=Yes|fs_type=dual_-1|frame_transition=244|terminal_stop_codon=yes, ensembl_transcript_id=ENST00000431256.1|ensembl_gene_id=ENSG00000228435.2|gene_name=C6orf47|tmd_start=182|tmd_end=206|tmd_seq=LTLHLLELLASALLALCSRPLRAAL|ss_nuc_start=726|ss_seq=CCCTTTG|tmd-SS_gap_size=36|ensembl_uniprot_annotation=O95873|blastp_uniprot_annotation=O95873|transcript_canonical_status=Canonical|TMD_dG_app=0.13|SS_dG_fs=2.39|stem_loop_presence=Yes|fs_type=hungry_-1|frame_transition=243|terminal_stop_codon=yes, ensembl_transcript_id=ENST00000431256.1|ensembl_gene_id=ENSG00000228435.2|gene_name=C6orf47|tmd_start=182|tmd_end=206|tmd_seq=LTLHLLELLASALLALCSRPLRAAL|ss_nuc_start=726|ss_seq=CCCTTTG|tmd-SS_gap_size=36|ensembl_uniprot_annotation=O95873|blastp_uniprot_annotation=O95873|transcript_canonical_status=Canonical|TMD_dG_app=0.13|SS_dG_fs=2.39|stem_loop_presence=Yes|fs_type=hungry_-2|frame_transition=243|terminal_stop_codon=no
ensembl_transcript_id=ENST00000366510.4|ensembl_gene_id=ENSG00000143653.10|gene_name=SCCPDH|tmd_start=286|tmd_end=310|tmd_seq=VIKLMFAGLFFLFFVRFGIGRQLLI|ss_nuc_start=1059|ss_seq=GAACAAA|tmd-SS_gap_size=43|ensembl_uniprot_annotation=Q8NBX0|blastp_uniprot_annotation=Q8NBX0|transcript_canonical_status=Canonical|TMD_dG_app=-1.54|SS_dG_fs=2.77|stem_loop_presence=Yes|fs_type=0_frame|frame_transition=no_frameshift|terminal_stop_codon=yes	ensembl_transcript_id=ENST00000366510.4|ensembl_gene_id=ENSG00000143653.10|gene_name=SCCPDH|tmd_start=286|tmd_end=310|tmd_seq=VIKLMFAGLFFLFFVRFGIGRQLLI|ss_nuc_start=1059|ss_seq=GAACAAA|tmd-SS_gap_size=43|ensembl_uniprot_annotation=Q8NBX0|blastp_uniprot_annotation=Q8NBX0|transcript_canonical_status=Canonical|TMD_dG_app=-1.54|SS_dG_fs=2.77|stem_loop_presence=Yes|fs_type=0_frame|frame_transition=no_frameshift|terminal_stop_codon=yes	ensembl_transcript_id=ENST00000366510.4|ensembl_gene_id=ENSG00000143653.10|gene_name=SCCPDH|tmd_start=286|tmd_end=310|tmd_seq=VIKLMFAGLFFLFFVRFGIGRQLLI|ss_nuc_start=1059|ss_seq=GAACAAA|tmd-SS_gap_size=43|ensembl_uniprot_annotation=Q8NBX0|blastp_uniprot_annotation=Q8NBX0|transcript_canonical_status=Canonical|TMD_dG_app=-1.54|SS_dG_fs=2.77|stem_loop_presence=Yes|fs_type=0_frame|frame_transition=no_frameshift|terminal_stop_codon=yes		429			ensembl_transcript_id=ENST00000366510.4|ensembl_gene_id=ENSG00000143653.10|gene_name=SCCPDH|tmd_start=286|tmd_end=310|tmd_seq=VIKLMFAGLFFLFFVRFGIGRQLLI|ss_nuc_start=1059|ss_seq=GAACAAA|tmd-SS_gap_size=43|ensembl_uniprot_annotation=Q8NBX0|blastp_uniprot_annotation=Q8NBX0|transcript_canonical_status=Canonical|TMD_dG_app=-1.54|SS_dG_fs=2.77|stem_loop_presence=Yes|fs_type=0_frame|frame_transition=no_frameshift|terminal_stop_codon=yes	1.0	0.9974	1	1	0	1	1	0	0	0	0	0	0	0	0	0	0	0	1	0	0	0	0	0	2.0065378E7	0.0	0.0	0.0	0.0	0.0	0.0	0.0	0.0	0.0	0.0	0.0	ensembl_transcript_id=ENST00000366510.4|ensembl_gene_id=ENSG00000143653.10|gene_name=SCCPDH|tmd_start=286|tmd_end=310|tmd_seq=VIKLMFAGLFFLFFVRFGIGRQLLI|ss_nuc_start=1068|ss_seq=AAATATC|tmd-SS_gap_size=46|ensembl_uniprot_annotation=Q8NBX0|blastp_uniprot_annotation=Q8NBX0|transcript_canonical_status=Canonical|TMD_dG_app=-1.54|SS_dG_fs=2.74|stem_loop_presence=Yes|fs_type=0_frame|frame_transition=no_frameshift|terminal_stop_codon=yes
ensembl_transcript_id=ENST00000369722.8|ensembl_gene_id=ENSG00000116459.11|gene_name=ATP5PB|tmd_start=1|tmd_end=17|tmd_seq=MLSRVVLSAAATAAPSL|ss_nuc_start=156|ss_seq=AAAAGTT|tmd-SS_gap_size=35|ensembl_uniprot_annotation=P24539|blastp_uniprot_annotation=P24539|transcript_canonical_status=Canonical|TMD_dG_app=3.52|SS_dG_fs=1.49|stem_loop_presence=Yes|fs_type=0_frame|frame_transition=no_frameshift|terminal_stop_codon=yes	ensembl_transcript_id=ENST00000369722.8|ensembl_gene_id=ENSG00000116459.11|gene_name=ATP5PB|tmd_start=1|tmd_end=17|tmd_seq=MLSRVVLSAAATAAPSL|ss_nuc_start=156|ss_seq=AAAAGTT|tmd-SS_gap_size=35|ensembl_uniprot_annotation=P24539|blastp_uniprot_annotation=P24539|transcript_canonical_status=Canonical|TMD_dG_app=3.52|SS_dG_fs=1.49|stem_loop_presence=Yes|fs_type=0_frame|frame_transition=no_frameshift|terminal_stop_codon=yes	ensembl_transcript_id=ENST00000369722.8|ensembl_gene_id=ENSG00000116459.11|gene_name=ATP5PB|tmd_start=1|tmd_end=17|tmd_seq=MLSRVVLSAAATAAPSL|ss_nuc_start=156|ss_seq=AAAAGTT|tmd-SS_gap_size=35|ensembl_uniprot_annotation=P24539|blastp_uniprot_annotation=P24539|transcript_canonical_status=Canonical|TMD_dG_app=3.52|SS_dG_fs=1.49|stem_loop_presence=Yes|fs_type=0_frame|frame_transition=no_frameshift|terminal_stop_codon=yes		256			ensembl_transcript_id=ENST00000369722.8|ensembl_gene_id=ENSG00000116459.11|gene_name=ATP5PB|tmd_start=1|tmd_end=17|tmd_seq=MLSRVVLSAAATAAPSL|ss_nuc_start=156|ss_seq=AAAAGTT|tmd-SS_gap_size=35|ensembl_uniprot_annotation=P24539|blastp_uniprot_annotation=P24539|transcript_canonical_status=Canonical|TMD_dG_app=3.52|SS_dG_fs=1.49|stem_loop_presence=Yes|fs_type=0_frame|frame_transition=no_frameshift|terminal_stop_codon=yes	1.0	0.9978	1	2	0	2	1	0	0	1	0	0	0	0	0	0	0	0	1	0	0	1	0	0	1.0190486E7	0.0	0.0	8411805.0	0.0	0.0	1.0190486E7	0.0	0.0	8411805.0	0.0	0.0	
ensembl_transcript_id=ENST00000374379.9|ensembl_gene_id=ENSG00000169504.15|gene_name=CLIC4|tmd_start=40|tmd_end=59|tmd_seq=RLFMILWLKGVVFSVTTVDL|ss_nuc_start=300|ss_seq=CCCTCCC|tmd-SS_gap_size=41|ensembl_uniprot_annotation=Q9Y696|blastp_uniprot_annotation=Q9Y696|transcript_canonical_status=Canonical|TMD_dG_app=0.90|SS_dG_fs=2.13|stem_loop_presence=Yes|fs_type=0_frame|frame_transition=no_frameshift|terminal_stop_codon=yes	ensembl_transcript_id=ENST00000374379.9|ensembl_gene_id=ENSG00000169504.15|gene_name=CLIC4|tmd_start=40|tmd_end=59|tmd_seq=RLFMILWLKGVVFSVTTVDL|ss_nuc_start=300|ss_seq=CCCTCCC|tmd-SS_gap_size=41|ensembl_uniprot_annotation=Q9Y696|blastp_uniprot_annotation=Q9Y696|transcript_canonical_status=Canonical|TMD_dG_app=0.90|SS_dG_fs=2.13|stem_loop_presence=Yes|fs_type=0_frame|frame_transition=no_frameshift|terminal_stop_codon=yes	ensembl_transcript_id=ENST00000374379.9|ensembl_gene_id=ENSG00000169504.15|gene_name=CLIC4|tmd_start=40|tmd_end=59|tmd_seq=RLFMILWLKGVVFSVTTVDL|ss_nuc_start=300|ss_seq=CCCTCCC|tmd-SS_gap_size=41|ensembl_uniprot_annotation=Q9Y696|blastp_uniprot_annotation=Q9Y696|transcript_canonical_status=Canonical|TMD_dG_app=0.90|SS_dG_fs=2.13|stem_loop_presence=Yes|fs_type=0_frame|frame_transition=no_frameshift|terminal_stop_codon=yes		253			ensembl_transcript_id=ENST00000374379.9|ensembl_gene_id=ENSG00000169504.15|gene_name=CLIC4|tmd_start=40|tmd_end=59|tmd_seq=RLFMILWLKGVVFSVTTVDL|ss_nuc_start=300|ss_seq=CCCTCCC|tmd-SS_gap_size=41|ensembl_uniprot_annotation=Q9Y696|blastp_uniprot_annotation=Q9Y696|transcript_canonical_status=Canonical|TMD_dG_app=0.90|SS_dG_fs=2.13|stem_loop_presence=Yes|fs_type=0_frame|frame_transition=no_frameshift|terminal_stop_codon=yes	1.0	0.9987	1	1	1	1	1	0	0	0	0	0	1	0	0	0	0	0	1	0	0	0	0	0	0.0	0.0	0.0	0.0	0.0	0.0	0.0	0.0	0.0	0.0	0.0	0.0	
ensembl_transcript_id=ENST00000392990.6|ensembl_gene_id=ENSG00000090060.19|gene_name=PAPOLA|tmd_start=240|tmd_end=260|tmd_seq=ILGFLGGVSWAMLVARTCQLY|ss_nuc_start=909|ss_seq=GGTAAAC|tmd-SS_gap_size=43|ensembl_uniprot_annotation=No_uniprot_annotation|blastp_uniprot_annotation=P51003|transcript_canonical_status=Alternative|TMD_dG_app=1.08|SS_dG_fs=2.82|stem_loop_presence=Yes|fs_type=0_frame|frame_transition=no_frameshift|terminal_stop_codon=yes	ensembl_transcript_id=ENST00000392990.6|ensembl_gene_id=ENSG00000090060.19|gene_name=PAPOLA|tmd_start=240|tmd_end=260|tmd_seq=ILGFLGGVSWAMLVARTCQLY|ss_nuc_start=909|ss_seq=GGTAAAC|tmd-SS_gap_size=43|ensembl_uniprot_annotation=No_uniprot_annotation|blastp_uniprot_annotation=P51003|transcript_canonical_status=Alternative|TMD_dG_app=1.08|SS_dG_fs=2.82|stem_loop_presence=Yes|fs_type=0_frame|frame_transition=no_frameshift|terminal_stop_codon=yes	ensembl_transcript_id=ENST00000392990.6|ensembl_gene_id=ENSG00000090060.19|gene_name=PAPOLA|tmd_start=240|tmd_end=260|tmd_seq=ILGFLGGVSWAMLVARTCQLY|ss_nuc_start=909|ss_seq=GGTAAAC|tmd-SS_gap_size=43|ensembl_uniprot_annotation=No_uniprot_annotation|blastp_uniprot_annotation=P51003|transcript_canonical_status=Alternative|TMD_dG_app=1.08|SS_dG_fs=2.82|stem_loop_presence=Yes|fs_type=0_frame|frame_transition=no_frameshift|terminal_stop_codon=yes		724			ensembl_transcript_id=ENST00000392990.6|ensembl_gene_id=ENSG00000090060.19|gene_name=PAPOLA|tmd_start=240|tmd_end=260|tmd_seq=ILGFLGGVSWAMLVARTCQLY|ss_nuc_start=909|ss_seq=GGTAAAC|tmd-SS_gap_size=43|ensembl_uniprot_annotation=No_uniprot_annotation|blastp_uniprot_annotation=P51003|transcript_canonical_status=Alternative|TMD_dG_app=1.08|SS_dG_fs=2.82|stem_loop_presence=Yes|fs_type=0_frame|frame_transition=no_frameshift|terminal_stop_codon=yes	1.0	0.999	1	1	0	1	0	0	0	0	1	0	0	0	0	0	0	0	0	0	0	0	1	0	0.0	0.0	0.0	0.0	1.13845056E8	0.0	0.0	0.0	0.0	0.0	0.0	0.0	ensembl_transcript_id=ENST00000392990.6|ensembl_gene_id=ENSG00000090060.19|gene_name=PAPOLA|tmd_start=240|tmd_end=260|tmd_seq=ILGFLGGVSWAMLVARTCQLY|ss_nuc_start=912|ss_seq=AAACCCC|tmd-SS_gap_size=44|ensembl_uniprot_annotation=No_uniprot_annotation|blastp_uniprot_annotation=P51003|transcript_canonical_status=Alternative|TMD_dG_app=1.08|SS_dG_fs=1.46|stem_loop_presence=Yes|fs_type=0_frame|frame_transition=no_frameshift|terminal_stop_codon=yes
ensembl_transcript_id=ENST00000393796.4|ensembl_gene_id=ENSG00000243207.6|gene_name=PPAN-P2RY11|tmd_start=725|tmd_end=745|tmd_seq=VMRGLMPLAFCVHPLLYMAAV|ss_nuc_start=2343|ss_seq=CCCTAAA|tmd-SS_gap_size=36|ensembl_uniprot_annotation=No_uniprot_annotation|blastp_uniprot_annotation=Q9NQ55|transcript_canonical_status=Canonical|TMD_dG_app=1.78|SS_dG_fs=1.33|stem_loop_presence=Yes|fs_type=dual_-1|frame_transition=783|terminal_stop_codon=yes	ensembl_transcript_id=ENST00000393796.4|ensembl_gene_id=ENSG00000243207.6|gene_name=PPAN-P2RY11|tmd_start=725|tmd_end=745|tmd_seq=VMRGLMPLAFCVHPLLYMAAV|ss_nuc_start=2343|ss_seq=CCCTAAA|tmd-SS_gap_size=36|ensembl_uniprot_annotation=No_uniprot_annotation|blastp_uniprot_annotation=Q9NQ55|transcript_canonical_status=Canonical|TMD_dG_app=1.78|SS_dG_fs=1.33|stem_loop_presence=Yes|fs_type=dual_-1|frame_transition=783|terminal_stop_codon=yes	ensembl_transcript_id=ENST00000393796.4|ensembl_gene_id=ENSG00000243207.6|gene_name=PPAN-P2RY11|tmd_start=725|tmd_end=745|tmd_seq=VMRGLMPLAFCVHPLLYMAAV|ss_nuc_start=2343|ss_seq=CCCTAAA|tmd-SS_gap_size=36|ensembl_uniprot_annotation=No_uniprot_annotation|blastp_uniprot_annotation=Q9NQ55|transcript_canonical_status=Canonical|TMD_dG_app=1.78|SS_dG_fs=1.33|stem_loop_presence=Yes|fs_type=dual_-1|frame_transition=783|terminal_stop_codon=yes		790			ensembl_transcript_id=ENST00000393796.4|ensembl_gene_id=ENSG00000243207.6|gene_name=PPAN-P2RY11|tmd_start=725|tmd_end=745|tmd_seq=VMRGLMPLAFCVHPLLYMAAV|ss_nuc_start=2343|ss_seq=CCCTAAA|tmd-SS_gap_size=36|ensembl_uniprot_annotation=No_uniprot_annotation|blastp_uniprot_annotation=Q9NQ55|transcript_canonical_status=Canonical|TMD_dG_app=1.78|SS_dG_fs=1.33|stem_loop_presence=Yes|fs_type=dual_-1|frame_transition=783|terminal_stop_codon=yes	1.0	0.9984	1	1	0	1	1	0	0	0	0	0	0	0	0	0	0	0	1	0	0	0	0	0	1.7075522E7	0.0	0.0	0.0	0.0	0.0	0.0	0.0	0.0	0.0	0.0	0.0	
ensembl_transcript_id=ENST00000394963.9|ensembl_gene_id=ENSG00000066117.15|gene_name=SMARCD1|tmd_start=14|tmd_end=29|tmd_seq=GGAGASGGAGAAAALG|ss_nuc_start=246|ss_seq=GGGGAAC|tmd-SS_gap_size=53|ensembl_uniprot_annotation=Q96GM5|blastp_uniprot_annotation=Q96GM5|transcript_canonical_status=Canonical|TMD_dG_app=4.95|SS_dG_fs=1.84|stem_loop_presence=Yes|fs_type=0_frame|frame_transition=no_frameshift|terminal_stop_codon=yes	ensembl_transcript_id=ENST00000394963.9|ensembl_gene_id=ENSG00000066117.15|gene_name=SMARCD1|tmd_start=14|tmd_end=29|tmd_seq=GGAGASGGAGAAAALG|ss_nuc_start=246|ss_seq=GGGGAAC|tmd-SS_gap_size=53|ensembl_uniprot_annotation=Q96GM5|blastp_uniprot_annotation=Q96GM5|transcript_canonical_status=Canonical|TMD_dG_app=4.95|SS_dG_fs=1.84|stem_loop_presence=Yes|fs_type=0_frame|frame_transition=no_frameshift|terminal_stop_codon=yes	ensembl_transcript_id=ENST00000394963.9|ensembl_gene_id=ENSG00000066117.15|gene_name=SMARCD1|tmd_start=14|tmd_end=29|tmd_seq=GGAGASGGAGAAAALG|ss_nuc_start=246|ss_seq=GGGGAAC|tmd-SS_gap_size=53|ensembl_uniprot_annotation=Q96GM5|blastp_uniprot_annotation=Q96GM5|transcript_canonical_status=Canonical|TMD_dG_app=4.95|SS_dG_fs=1.84|stem_loop_presence=Yes|fs_type=0_frame|frame_transition=no_frameshift|terminal_stop_codon=yes		515			ensembl_transcript_id=ENST00000394963.9|ensembl_gene_id=ENSG00000066117.15|gene_name=SMARCD1|tmd_start=14|tmd_end=29|tmd_seq=GGAGASGGAGAAAALG|ss_nuc_start=246|ss_seq=GGGGAAC|tmd-SS_gap_size=53|ensembl_uniprot_annotation=Q96GM5|blastp_uniprot_annotation=Q96GM5|transcript_canonical_status=Canonical|TMD_dG_app=4.95|SS_dG_fs=1.84|stem_loop_presence=Yes|fs_type=0_frame|frame_transition=no_frameshift|terminal_stop_codon=yes	1.0	0.9971	1	1	0	1	1	0	0	0	0	0	0	0	0	0	0	0	1	0	0	0	0	0	1.31982872E8	0.0	0.0	0.0	0.0	0.0	0.0	0.0	0.0	0.0	0.0	0.0	ensembl_transcript_id=ENST00000394963.9|ensembl_gene_id=ENSG00000066117.15|gene_name=SMARCD1|tmd_start=14|tmd_end=29|tmd_seq=GGAGASGGAGAAAALG|ss_nuc_start=249|ss_seq=GAACCCT|tmd-SS_gap_size=54|ensembl_uniprot_annotation=Q96GM5|blastp_uniprot_annotation=Q96GM5|transcript_canonical_status=Canonical|TMD_dG_app=4.95|SS_dG_fs=2.24|stem_loop_presence=Yes|fs_type=0_frame|frame_transition=no_frameshift|terminal_stop_codon=yes
ensembl_transcript_id=ENST00000397041.8|ensembl_gene_id=ENSG00000074370.19|gene_name=ATP2A3|tmd_start=84|tmd_end=107|tmd_seq=TTTAFVEPLVIMLILVANAIVGVW|ss_nuc_start=465|ss_seq=GGGGGAC|tmd-SS_gap_size=48|ensembl_uniprot_annotation=Q93084|blastp_uniprot_annotation=Q93084|transcript_canonical_status=Canonical|TMD_dG_app=0.19|SS_dG_fs=2.61|stem_loop_presence=Yes|fs_type=0_frame|frame_transition=no_frameshift|terminal_stop_codon=yes	ensembl_transcript_id=ENST00000397041.8|ensembl_gene_id=ENSG00000074370.19|gene_name=ATP2A3|tmd_start=84|tmd_end=107|tmd_seq=TTTAFVEPLVIMLILVANAIVGVW|ss_nuc_start=465|ss_seq=GGGGGAC|tmd-SS_gap_size=48|ensembl_uniprot_annotation=Q93084|blastp_uniprot_annotation=Q93084|transcript_canonical_status=Canonical|TMD_dG_app=0.19|SS_dG_fs=2.61|stem_loop_presence=Yes|fs_type=0_frame|frame_transition=no_frameshift|terminal_stop_codon=yes	ensembl_transcript_id=ENST00000397041.8|ensembl_gene_id=ENSG00000074370.19|gene_name=ATP2A3|tmd_start=84|tmd_end=107|tmd_seq=TTTAFVEPLVIMLILVANAIVGVW|ss_nuc_start=465|ss_seq=GGGGGAC|tmd-SS_gap_size=48|ensembl_uniprot_annotation=Q93084|blastp_uniprot_annotation=Q93084|transcript_canonical_status=Canonical|TMD_dG_app=0.19|SS_dG_fs=2.61|stem_loop_presence=Yes|fs_type=0_frame|frame_transition=no_frameshift|terminal_stop_codon=yes		999			ensembl_transcript_id=ENST00000397041.8|ensembl_gene_id=ENSG00000074370.19|gene_name=ATP2A3|tmd_start=84|tmd_end=107|tmd_seq=TTTAFVEPLVIMLILVANAIVGVW|ss_nuc_start=465|ss_seq=GGGGGAC|tmd-SS_gap_size=48|ensembl_uniprot_annotation=Q93084|blastp_uniprot_annotation=Q93084|transcript_canonical_status=Canonical|TMD_dG_app=0.19|SS_dG_fs=2.61|stem_loop_presence=Yes|fs_type=0_frame|frame_transition=no_frameshift|terminal_stop_codon=yes	1.0	0.9987	1	1	0	1	1	0	0	0	0	0	0	0	0	0	0	0	1	0	0	0	0	0	7.5852232E7	0.0	0.0	0.0	0.0	0.0	0.0	0.0	0.0	0.0	0.0	0.0	ensembl_transcript_id=ENST00000397041.8|ensembl_gene_id=ENSG00000074370.19|gene_name=ATP2A3|tmd_start=894|tmd_end=913|tmd_seq=RFPTTMALSVLVTIEMCNAL|ss_nuc_start=2865|ss_seq=CATTTTC|tmd-SS_gap_size=42|ensembl_uniprot_annotation=Q93084|blastp_uniprot_annotation=Q93084|transcript_canonical_status=Canonical|TMD_dG_app=1.96|SS_dG_fs=2.79|stem_loop_presence=Yes|fs_type=0_frame|frame_transition=no_frameshift|terminal_stop_codon=yes
ensembl_transcript_id=ENST00000416096.5|ensembl_gene_id=ENSG00000229215.9|gene_name=HLA-A|tmd_start=2|tmd_end=24|tmd_seq=AVMAPRTLLLLLSGALALTQTWA|ss_nuc_start=234|ss_seq=GGAGGGG|tmd-SS_gap_size=54|ensembl_uniprot_annotation=No_uniprot_annotation|blastp_uniprot_annotation=P04439|transcript_canonical_status=Alternative|TMD_dG_app=0.32|SS_dG_fs=2.65|stem_loop_presence=Yes|fs_type=0_frame|frame_transition=no_frameshift|terminal_stop_codon=yes	ensembl_transcript_id=ENST00000416096.5|ensembl_gene_id=ENSG00000229215.9|gene_name=HLA-A|tmd_start=2|tmd_end=24|tmd_seq=AVMAPRTLLLLLSGALALTQTWA|ss_nuc_start=234|ss_seq=GGAGGGG|tmd-SS_gap_size=54|ensembl_uniprot_annotation=No_uniprot_annotation|blastp_uniprot_annotation=P04439|transcript_canonical_status=Alternative|TMD_dG_app=0.32|SS_dG_fs=2.65|stem_loop_presence=Yes|fs_type=0_frame|frame_transition=no_frameshift|terminal_stop_codon=yes	ensembl_transcript_id=ENST00000416096.5|ensembl_gene_id=ENSG00000229215.9|gene_name=HLA-A|tmd_start=2|tmd_end=24|tmd_seq=AVMAPRTLLLLLSGALALTQTWA|ss_nuc_start=234|ss_seq=GGAGGGG|tmd-SS_gap_size=54|ensembl_uniprot_annotation=No_uniprot_annotation|blastp_uniprot_annotation=P04439|transcript_canonical_status=Alternative|TMD_dG_app=0.32|SS_dG_fs=2.65|stem_loop_presence=Yes|fs_type=0_frame|frame_transition=no_frameshift|terminal_stop_codon=yes		299			ensembl_transcript_id=ENST00000416096.5|ensembl_gene_id=ENSG00000229215.9|gene_name=HLA-A|tmd_start=2|tmd_end=24|tmd_seq=AVMAPRTLLLLLSGALALTQTWA|ss_nuc_start=234|ss_seq=GGAGGGG|tmd-SS_gap_size=54|ensembl_uniprot_annotation=No_uniprot_annotation|blastp_uniprot_annotation=P04439|transcript_canonical_status=Alternative|TMD_dG_app=0.32|SS_dG_fs=2.65|stem_loop_presence=Yes|fs_type=0_frame|frame_transition=no_frameshift|terminal_stop_codon=yes	1.0	0.999	1	33	0	33	33	0	0	0	0	0	0	0	0	0	0	0	33	0	0	0	0	0	1.67087808E9	0.0	0.0	0.0	0.0	0.0	0.0	0.0	0.0	0.0	0.0	0.0	ensembl_transcript_id=ENST00000417978.6|ensembl_gene_id=ENSG00000224320.9|gene_name=HLA-A|tmd_start=2|tmd_end=24|tmd_seq=AVMAPRTLLLLLSGALALTQTWA|ss_nuc_start=234|ss_seq=GGAGGGG|tmd-SS_gap_size=54|ensembl_uniprot_annotation=No_uniprot_annotation|blastp_uniprot_annotation=P04439|transcript_canonical_status=Alternative|TMD_dG_app=0.32|SS_dG_fs=2.65|stem_loop_presence=Yes|fs_type=0_frame|frame_transition=no_frameshift|terminal_stop_codon=yes, ensembl_transcript_id=ENST00000431930.5|ensembl_gene_id=ENSG00000229215.9|gene_name=HLA-A|tmd_start=2|tmd_end=24|tmd_seq=AVMAPRTLLLLLSGALALTQTWA|ss_nuc_start=234|ss_seq=GGAGGGG|tmd-SS_gap_size=54|ensembl_uniprot_annotation=No_uniprot_annotation|blastp_uniprot_annotation=P04439|transcript_canonical_status=Alternative|TMD_dG_app=0.32|SS_dG_fs=2.65|stem_loop_presence=Yes|fs_type=0_frame|frame_transition=no_frameshift|terminal_stop_codon=yes, ensembl_transcript_id=ENST00000442939.5|ensembl_gene_id=ENSG00000224320.9|gene_name=HLA-A|tmd_start=2|tmd_end=24|tmd_seq=AVMAPRTLLLLLSGALALTQTWA|ss_nuc_start=234|ss_seq=GGAGGGG|tmd-SS_gap_size=54|ensembl_uniprot_annotation=No_uniprot_annotation|blastp_uniprot_annotation=P04439|transcript_canonical_status=Alternative|TMD_dG_app=0.32|SS_dG_fs=2.65|stem_loop_presence=Yes|fs_type=0_frame|frame_transition=no_frameshift|terminal_stop_codon=yes, ensembl_transcript_id=ENST00000443552.5|ensembl_gene_id=ENSG00000224320.9|gene_name=HLA-A|tmd_start=2|tmd_end=24|tmd_seq=AVMAPRTLLLLLSGALALTQTWA|ss_nuc_start=234|ss_seq=GGAGGGG|tmd-SS_gap_size=54|ensembl_uniprot_annotation=No_uniprot_annotation|blastp_uniprot_annotation=P04439|transcript_canonical_status=Alternative|TMD_dG_app=0.32|SS_dG_fs=2.65|stem_loop_presence=Yes|fs_type=0_frame|frame_transition=no_frameshift|terminal_stop_codon=yes, ensembl_transcript_id=ENST00000444289.6|ensembl_gene_id=ENSG00000229215.9|gene_name=HLA-A|tmd_start=2|tmd_end=24|tmd_seq=AVMAPRTLLLLLSGALALTQTWA|ss_nuc_start=234|ss_seq=GGAGGGG|tmd-SS_gap_size=54|ensembl_uniprot_annotation=No_uniprot_annotation|blastp_uniprot_annotation=P04439|transcript_canonical_status=Alternative|TMD_dG_app=0.32|SS_dG_fs=2.65|stem_loop_presence=Yes|fs_type=0_frame|frame_transition=no_frameshift|terminal_stop_codon=yes, ensembl_transcript_id=ENST00000551120.4|ensembl_gene_id=ENSG00000229215.9|gene_name=HLA-A|tmd_start=2|tmd_end=24|tmd_seq=AVMAPRTLLLLLSGALALTQTWA|ss_nuc_start=234|ss_seq=GGAGGGG|tmd-SS_gap_size=54|ensembl_uniprot_annotation=No_uniprot_annotation|blastp_uniprot_annotation=P04439|transcript_canonical_status=Canonical|TMD_dG_app=0.32|SS_dG_fs=2.65|stem_loop_presence=Yes|fs_type=0_frame|frame_transition=no_frameshift|terminal_stop_codon=yes, ensembl_transcript_id=ENST00000552498.2|ensembl_gene_id=ENSG00000224320.9|gene_name=HLA-A|tmd_start=2|tmd_end=24|tmd_seq=AVMAPRTLLLLLSGALALTQTWA|ss_nuc_start=234|ss_seq=GGAGGGG|tmd-SS_gap_size=54|ensembl_uniprot_annotation=No_uniprot_annotation|blastp_uniprot_annotation=P04439|transcript_canonical_status=Canonical|TMD_dG_app=0.32|SS_dG_fs=2.65|stem_loop_presence=Yes|fs_type=0_frame|frame_transition=no_frameshift|terminal_stop_codon=yes
ensembl_transcript_id=ENST00000417819.6|ensembl_gene_id=ENSG00000131828.14|gene_name=PDHA1|tmd_start=1|tmd_end=16|tmd_seq=MRKMLAAVSRVLSGAS|ss_nuc_start=168|ss_seq=TAATTTT|tmd-SS_gap_size=40|ensembl_uniprot_annotation=No_uniprot_annotation|blastp_uniprot_annotation=P08559|transcript_canonical_status=Alternative|TMD_dG_app=5.33|SS_dG_fs=1.81|stem_loop_presence=Yes|fs_type=0_frame|frame_transition=no_frameshift|terminal_stop_codon=yes	ensembl_transcript_id=ENST00000417819.6|ensembl_gene_id=ENSG00000131828.14|gene_name=PDHA1|tmd_start=1|tmd_end=16|tmd_seq=MRKMLAAVSRVLSGAS|ss_nuc_start=168|ss_seq=TAATTTT|tmd-SS_gap_size=40|ensembl_uniprot_annotation=No_uniprot_annotation|blastp_uniprot_annotation=P08559|transcript_canonical_status=Alternative|TMD_dG_app=5.33|SS_dG_fs=1.81|stem_loop_presence=Yes|fs_type=0_frame|frame_transition=no_frameshift|terminal_stop_codon=yes	ensembl_transcript_id=ENST00000417819.6|ensembl_gene_id=ENSG00000131828.14|gene_name=PDHA1|tmd_start=1|tmd_end=16|tmd_seq=MRKMLAAVSRVLSGAS|ss_nuc_start=168|ss_seq=TAATTTT|tmd-SS_gap_size=40|ensembl_uniprot_annotation=No_uniprot_annotation|blastp_uniprot_annotation=P08559|transcript_canonical_status=Alternative|TMD_dG_app=5.33|SS_dG_fs=1.81|stem_loop_presence=Yes|fs_type=0_frame|frame_transition=no_frameshift|terminal_stop_codon=yes		418			ensembl_transcript_id=ENST00000417819.6|ensembl_gene_id=ENSG00000131828.14|gene_name=PDHA1|tmd_start=1|tmd_end=16|tmd_seq=MRKMLAAVSRVLSGAS|ss_nuc_start=168|ss_seq=TAATTTT|tmd-SS_gap_size=40|ensembl_uniprot_annotation=No_uniprot_annotation|blastp_uniprot_annotation=P08559|transcript_canonical_status=Alternative|TMD_dG_app=5.33|SS_dG_fs=1.81|stem_loop_presence=Yes|fs_type=0_frame|frame_transition=no_frameshift|terminal_stop_codon=yes	1.0	0.9988	2	2	0	2	0	0	2	0	0	0	0	0	0	0	0	0	0	0	2	0	0	0	0.0	0.0	0.0	0.0	0.0	0.0	0.0	0.0	0.0	0.0	0.0	0.0	ensembl_transcript_id=ENST00000423505.6|ensembl_gene_id=ENSG00000131828.14|gene_name=PDHA1|tmd_start=1|tmd_end=16|tmd_seq=MRKMLAAVSRVLSGAS|ss_nuc_start=198|ss_seq=TAATTTT|tmd-SS_gap_size=50|ensembl_uniprot_annotation=P08559|blastp_uniprot_annotation=P08559|transcript_canonical_status=Alternative|TMD_dG_app=5.33|SS_dG_fs=1.81|stem_loop_presence=Yes|fs_type=0_frame|frame_transition=no_frameshift|terminal_stop_codon=yes
ensembl_transcript_id=ENST00000419135.6|ensembl_gene_id=ENSG00000225691.7|gene_name=HLA-C|tmd_start=2|tmd_end=24|tmd_seq=RVMAPRTLILLLSGALALTETWA|ss_nuc_start=234|ss_seq=GGAGGGG|tmd-SS_gap_size=54|ensembl_uniprot_annotation=No_uniprot_annotation|blastp_uniprot_annotation=P10321|transcript_canonical_status=Canonical|TMD_dG_app=0.51|SS_dG_fs=2.65|stem_loop_presence=Yes|fs_type=0_frame|frame_transition=no_frameshift|terminal_stop_codon=yes	ensembl_transcript_id=ENST00000419135.6|ensembl_gene_id=ENSG00000225691.7|gene_name=HLA-C|tmd_start=2|tmd_end=24|tmd_seq=RVMAPRTLILLLSGALALTETWA|ss_nuc_start=234|ss_seq=GGAGGGG|tmd-SS_gap_size=54|ensembl_uniprot_annotation=No_uniprot_annotation|blastp_uniprot_annotation=P10321|transcript_canonical_status=Canonical|TMD_dG_app=0.51|SS_dG_fs=2.65|stem_loop_presence=Yes|fs_type=0_frame|frame_transition=no_frameshift|terminal_stop_codon=yes	ensembl_transcript_id=ENST00000419135.6|ensembl_gene_id=ENSG00000225691.7|gene_name=HLA-C|tmd_start=2|tmd_end=24|tmd_seq=RVMAPRTLILLLSGALALTETWA|ss_nuc_start=234|ss_seq=GGAGGGG|tmd-SS_gap_size=54|ensembl_uniprot_annotation=No_uniprot_annotation|blastp_uniprot_annotation=P10321|transcript_canonical_status=Canonical|TMD_dG_app=0.51|SS_dG_fs=2.65|stem_loop_presence=Yes|fs_type=0_frame|frame_transition=no_frameshift|terminal_stop_codon=yes		372			ensembl_transcript_id=ENST00000419135.6|ensembl_gene_id=ENSG00000225691.7|gene_name=HLA-C|tmd_start=2|tmd_end=24|tmd_seq=RVMAPRTLILLLSGALALTETWA|ss_nuc_start=234|ss_seq=GGAGGGG|tmd-SS_gap_size=54|ensembl_uniprot_annotation=No_uniprot_annotation|blastp_uniprot_annotation=P10321|transcript_canonical_status=Canonical|TMD_dG_app=0.51|SS_dG_fs=2.65|stem_loop_presence=Yes|fs_type=0_frame|frame_transition=no_frameshift|terminal_stop_codon=yes	1.0	0.999	5	55	0	55	26	8	20	1	0	0	0	0	0	0	0	0	26	8	20	1	0	0	2.07417946E9	1.10256243E9	3.29387136E8	2.76816288E8	0.0	0.0	3.14165056E8	3.47018752E8	5.9073052E7	9.6941169E9	0.0	0.0	ensembl_transcript_id=ENST00000453809.6|ensembl_gene_id=ENSG00000237022.10|gene_name=HLA-C|tmd_start=1|tmd_end=25|tmd_seq=MRVMAPRTLILLLSGALALTETWAC|ss_nuc_start=234|ss_seq=GGAGGGG|tmd-SS_gap_size=53|ensembl_uniprot_annotation=No_uniprot_annotation|blastp_uniprot_annotation=P10321|transcript_canonical_status=Alternative|TMD_dG_app=0.33|SS_dG_fs=2.65|stem_loop_presence=Yes|fs_type=0_frame|frame_transition=no_frameshift|terminal_stop_codon=yes, ensembl_transcript_id=ENST00000458192.6|ensembl_gene_id=ENSG00000228299.9|gene_name=HLA-C|tmd_start=1|tmd_end=25|tmd_seq=MRVMAPRTLILLLSGALALTETWAC|ss_nuc_start=234|ss_seq=GGAGGGG|tmd-SS_gap_size=53|ensembl_uniprot_annotation=No_uniprot_annotation|blastp_uniprot_annotation=P10321|transcript_canonical_status=Alternative|TMD_dG_app=0.33|SS_dG_fs=2.65|stem_loop_presence=Yes|fs_type=0_frame|frame_transition=no_frameshift|terminal_stop_codon=yes
ensembl_transcript_id=ENST00000450871.6|ensembl_gene_id=ENSG00000232126.8|gene_name=HLA-B|tmd_start=3|tmd_end=24|tmd_seq=VTAPRTVLLLLSGALALTETWA|ss_nuc_start=234|ss_seq=GGAGGGG|tmd-SS_gap_size=54|ensembl_uniprot_annotation=No_uniprot_annotation|blastp_uniprot_annotation=P01889|transcript_canonical_status=Canonical|TMD_dG_app=0.85|SS_dG_fs=2.65|stem_loop_presence=Yes|fs_type=0_frame|frame_transition=no_frameshift|terminal_stop_codon=yes	ensembl_transcript_id=ENST00000450871.6|ensembl_gene_id=ENSG00000232126.8|gene_name=HLA-B|tmd_start=3|tmd_end=24|tmd_seq=VTAPRTVLLLLSGALALTETWA|ss_nuc_start=234|ss_seq=GGAGGGG|tmd-SS_gap_size=54|ensembl_uniprot_annotation=No_uniprot_annotation|blastp_uniprot_annotation=P01889|transcript_canonical_status=Canonical|TMD_dG_app=0.85|SS_dG_fs=2.65|stem_loop_presence=Yes|fs_type=0_frame|frame_transition=no_frameshift|terminal_stop_codon=yes	ensembl_transcript_id=ENST00000450871.6|ensembl_gene_id=ENSG00000232126.8|gene_name=HLA-B|tmd_start=3|tmd_end=24|tmd_seq=VTAPRTVLLLLSGALALTETWA|ss_nuc_start=234|ss_seq=GGAGGGG|tmd-SS_gap_size=54|ensembl_uniprot_annotation=No_uniprot_annotation|blastp_uniprot_annotation=P01889|transcript_canonical_status=Canonical|TMD_dG_app=0.85|SS_dG_fs=2.65|stem_loop_presence=Yes|fs_type=0_frame|frame_transition=no_frameshift|terminal_stop_codon=yes		362			ensembl_transcript_id=ENST00000450871.6|ensembl_gene_id=ENSG00000232126.8|gene_name=HLA-B|tmd_start=3|tmd_end=24|tmd_seq=VTAPRTVLLLLSGALALTETWA|ss_nuc_start=234|ss_seq=GGAGGGG|tmd-SS_gap_size=54|ensembl_uniprot_annotation=No_uniprot_annotation|blastp_uniprot_annotation=P01889|transcript_canonical_status=Canonical|TMD_dG_app=0.85|SS_dG_fs=2.65|stem_loop_presence=Yes|fs_type=0_frame|frame_transition=no_frameshift|terminal_stop_codon=yes	1.0	0.999	3	74	4	74	66	1	6	0	0	1	4	0	0	0	0	0	66	1	6	0	0	1	1.99134065E10	1.80350704E8	8.4718584E7	0.0	0.0	3959505.5	1.89853696E10	1.80350704E8	7.9119048E7	0.0	0.0	3959505.5	
ensembl_transcript_id=ENST00000464873.5|ensembl_gene_id=ENSG00000175792.12|gene_name=RUVBL1|tmd_start=1|tmd_end=24|tmd_seq=MAGRAVLLAGPPGTGKTALALAIA|ss_nuc_start=204|ss_seq=GGAAGTT|tmd-SS_gap_size=44|ensembl_uniprot_annotation=No_uniprot_annotation|blastp_uniprot_annotation=Q9Y265|transcript_canonical_status=Alternative|TMD_dG_app=4.02|SS_dG_fs=2.42|stem_loop_presence=Yes|fs_type=0_frame|frame_transition=no_frameshift|terminal_stop_codon=yes	ensembl_transcript_id=ENST00000464873.5|ensembl_gene_id=ENSG00000175792.12|gene_name=RUVBL1|tmd_start=1|tmd_end=24|tmd_seq=MAGRAVLLAGPPGTGKTALALAIA|ss_nuc_start=204|ss_seq=GGAAGTT|tmd-SS_gap_size=44|ensembl_uniprot_annotation=No_uniprot_annotation|blastp_uniprot_annotation=Q9Y265|transcript_canonical_status=Alternative|TMD_dG_app=4.02|SS_dG_fs=2.42|stem_loop_presence=Yes|fs_type=0_frame|frame_transition=no_frameshift|terminal_stop_codon=yes	ensembl_transcript_id=ENST00000464873.5|ensembl_gene_id=ENSG00000175792.12|gene_name=RUVBL1|tmd_start=1|tmd_end=24|tmd_seq=MAGRAVLLAGPPGTGKTALALAIA|ss_nuc_start=204|ss_seq=GGAAGTT|tmd-SS_gap_size=44|ensembl_uniprot_annotation=No_uniprot_annotation|blastp_uniprot_annotation=Q9Y265|transcript_canonical_status=Alternative|TMD_dG_app=4.02|SS_dG_fs=2.42|stem_loop_presence=Yes|fs_type=0_frame|frame_transition=no_frameshift|terminal_stop_codon=yes		315			ensembl_transcript_id=ENST00000464873.5|ensembl_gene_id=ENSG00000175792.12|gene_name=RUVBL1|tmd_start=1|tmd_end=24|tmd_seq=MAGRAVLLAGPPGTGKTALALAIA|ss_nuc_start=204|ss_seq=GGAAGTT|tmd-SS_gap_size=44|ensembl_uniprot_annotation=No_uniprot_annotation|blastp_uniprot_annotation=Q9Y265|transcript_canonical_status=Alternative|TMD_dG_app=4.02|SS_dG_fs=2.42|stem_loop_presence=Yes|fs_type=0_frame|frame_transition=no_frameshift|terminal_stop_codon=yes	1.0	0.9981	3	5	0	5	2	0	1	2	0	0	0	0	0	0	0	0	2	0	1	2	0	0	5.5935748E7	0.0	0.0	1.62628752E8	0.0	0.0	0.0	0.0	0.0	0.0	0.0	0.0	ensembl_transcript_id=ENST00000464873.5|ensembl_gene_id=ENSG00000175792.12|gene_name=RUVBL1|tmd_start=1|tmd_end=24|tmd_seq=MAGRAVLLAGPPGTGKTALALAIA|ss_nuc_start=207|ss_seq=AGTTTAT|tmd-SS_gap_size=45|ensembl_uniprot_annotation=No_uniprot_annotation|blastp_uniprot_annotation=Q9Y265|transcript_canonical_status=Alternative|TMD_dG_app=4.02|SS_dG_fs=2.67|stem_loop_presence=Yes|fs_type=0_frame|frame_transition=no_frameshift|terminal_stop_codon=yes
ensembl_transcript_id=ENST00000492526.5|ensembl_gene_id=ENSG00000137776.17|gene_name=SLTM|tmd_start=1|tmd_end=17|tmd_seq=MAAATGAVAASAASGQA|ss_nuc_start=192|ss_seq=TAATATT|tmd-SS_gap_size=47|ensembl_uniprot_annotation=No_uniprot_annotation|blastp_uniprot_annotation=Q9NWH9|transcript_canonical_status=Alternative|TMD_dG_app=4.26|SS_dG_fs=2.62|stem_loop_presence=Yes|fs_type=0_frame|frame_transition=no_frameshift|terminal_stop_codon=yes	ensembl_transcript_id=ENST00000492526.5|ensembl_gene_id=ENSG00000137776.17|gene_name=SLTM|tmd_start=1|tmd_end=17|tmd_seq=MAAATGAVAASAASGQA|ss_nuc_start=192|ss_seq=TAATATT|tmd-SS_gap_size=47|ensembl_uniprot_annotation=No_uniprot_annotation|blastp_uniprot_annotation=Q9NWH9|transcript_canonical_status=Alternative|TMD_dG_app=4.26|SS_dG_fs=2.62|stem_loop_presence=Yes|fs_type=0_frame|frame_transition=no_frameshift|terminal_stop_codon=yes	ensembl_transcript_id=ENST00000492526.5|ensembl_gene_id=ENSG00000137776.17|gene_name=SLTM|tmd_start=1|tmd_end=17|tmd_seq=MAAATGAVAASAASGQA|ss_nuc_start=192|ss_seq=TAATATT|tmd-SS_gap_size=47|ensembl_uniprot_annotation=No_uniprot_annotation|blastp_uniprot_annotation=Q9NWH9|transcript_canonical_status=Alternative|TMD_dG_app=4.26|SS_dG_fs=2.62|stem_loop_presence=Yes|fs_type=0_frame|frame_transition=no_frameshift|terminal_stop_codon=yes		177			ensembl_transcript_id=ENST00000492526.5|ensembl_gene_id=ENSG00000137776.17|gene_name=SLTM|tmd_start=1|tmd_end=17|tmd_seq=MAAATGAVAASAASGQA|ss_nuc_start=192|ss_seq=TAATATT|tmd-SS_gap_size=47|ensembl_uniprot_annotation=No_uniprot_annotation|blastp_uniprot_annotation=Q9NWH9|transcript_canonical_status=Alternative|TMD_dG_app=4.26|SS_dG_fs=2.62|stem_loop_presence=Yes|fs_type=0_frame|frame_transition=no_frameshift|terminal_stop_codon=yes	1.0	0.999	1	3	3	3	1	0	2	0	0	0	1	0	2	0	0	0	1	0	2	0	0	0	5589815.0	0.0	8315223.0	0.0	0.0	0.0	5589815.0	0.0	8315223.0	0.0	0.0	0.0	
ensembl_transcript_id=ENST00000539542.6|ensembl_gene_id=ENSG00000172869.15|gene_name=DMXL1|tmd_start=2485|tmd_end=2506|tmd_seq=YSWSLMRLAMVQLVLNNLKTFY|ss_nuc_start=7647|ss_seq=AAATTAT|tmd-SS_gap_size=43|ensembl_uniprot_annotation=No_uniprot_annotation|blastp_uniprot_annotation=Q9Y485|transcript_canonical_status=Canonical|TMD_dG_app=2.57|SS_dG_fs=1.51|stem_loop_presence=Yes|fs_type=0_frame|frame_transition=no_frameshift|terminal_stop_codon=yes	ensembl_transcript_id=ENST00000539542.6|ensembl_gene_id=ENSG00000172869.15|gene_name=DMXL1|tmd_start=2485|tmd_end=2506|tmd_seq=YSWSLMRLAMVQLVLNNLKTFY|ss_nuc_start=7647|ss_seq=AAATTAT|tmd-SS_gap_size=43|ensembl_uniprot_annotation=No_uniprot_annotation|blastp_uniprot_annotation=Q9Y485|transcript_canonical_status=Canonical|TMD_dG_app=2.57|SS_dG_fs=1.51|stem_loop_presence=Yes|fs_type=0_frame|frame_transition=no_frameshift|terminal_stop_codon=yes	ensembl_transcript_id=ENST00000539542.6|ensembl_gene_id=ENSG00000172869.15|gene_name=DMXL1|tmd_start=2485|tmd_end=2506|tmd_seq=YSWSLMRLAMVQLVLNNLKTFY|ss_nuc_start=7647|ss_seq=AAATTAT|tmd-SS_gap_size=43|ensembl_uniprot_annotation=No_uniprot_annotation|blastp_uniprot_annotation=Q9Y485|transcript_canonical_status=Canonical|TMD_dG_app=2.57|SS_dG_fs=1.51|stem_loop_presence=Yes|fs_type=0_frame|frame_transition=no_frameshift|terminal_stop_codon=yes		3048			ensembl_transcript_id=ENST00000539542.6|ensembl_gene_id=ENSG00000172869.15|gene_name=DMXL1|tmd_start=2485|tmd_end=2506|tmd_seq=YSWSLMRLAMVQLVLNNLKTFY|ss_nuc_start=7647|ss_seq=AAATTAT|tmd-SS_gap_size=43|ensembl_uniprot_annotation=No_uniprot_annotation|blastp_uniprot_annotation=Q9Y485|transcript_canonical_status=Canonical|TMD_dG_app=2.57|SS_dG_fs=1.51|stem_loop_presence=Yes|fs_type=0_frame|frame_transition=no_frameshift|terminal_stop_codon=yes	1.0	0.999	3	6	0	6	5	0	1	0	0	0	0	0	0	0	0	0	5	0	1	0	0	0	7.05878E7	0.0	1.1552672E7	0.0	0.0	0.0	0.0	0.0	0.0	0.0	0.0	0.0	ensembl_transcript_id=ENST00000539542.6|ensembl_gene_id=ENSG00000172869.15|gene_name=DMXL1|tmd_start=2865|tmd_end=2881|tmd_seq=FVFVSSSSLIATAGLST|ss_nuc_start=8748|ss_seq=TCCAAAA|tmd-SS_gap_size=35|ensembl_uniprot_annotation=No_uniprot_annotation|blastp_uniprot_annotation=Q9Y485|transcript_canonical_status=Canonical|TMD_dG_app=3.13|SS_dG_fs=2.52|stem_loop_presence=Yes|fs_type=0_frame|frame_transition=no_frameshift|terminal_stop_codon=yes
ensembl_transcript_id=ENST00000546933.5|ensembl_gene_id=ENSG00000186298.12|gene_name=PPP1CC|tmd_start=1|tmd_end=20|tmd_seq=MFLPLYLNLVLYFVFWLHWT|ss_nuc_start=204|ss_seq=CAAAATA|tmd-SS_gap_size=48|ensembl_uniprot_annotation=No_uniprot_annotation|blastp_uniprot_annotation=P36873|transcript_canonical_status=Alternative|TMD_dG_app=-0.14|SS_dG_fs=1.91|stem_loop_presence=Yes|fs_type=hungry_-2|frame_transition=69|terminal_stop_codon=yes	ensembl_transcript_id=ENST00000546933.5|ensembl_gene_id=ENSG00000186298.12|gene_name=PPP1CC|tmd_start=1|tmd_end=20|tmd_seq=MFLPLYLNLVLYFVFWLHWT|ss_nuc_start=204|ss_seq=CAAAATA|tmd-SS_gap_size=48|ensembl_uniprot_annotation=No_uniprot_annotation|blastp_uniprot_annotation=P36873|transcript_canonical_status=Alternative|TMD_dG_app=-0.14|SS_dG_fs=1.91|stem_loop_presence=Yes|fs_type=hungry_-2|frame_transition=69|terminal_stop_codon=yes	ensembl_transcript_id=ENST00000546933.5|ensembl_gene_id=ENSG00000186298.12|gene_name=PPP1CC|tmd_start=1|tmd_end=20|tmd_seq=MFLPLYLNLVLYFVFWLHWT|ss_nuc_start=204|ss_seq=CAAAATA|tmd-SS_gap_size=48|ensembl_uniprot_annotation=No_uniprot_annotation|blastp_uniprot_annotation=P36873|transcript_canonical_status=Alternative|TMD_dG_app=-0.14|SS_dG_fs=1.91|stem_loop_presence=Yes|fs_type=hungry_-2|frame_transition=69|terminal_stop_codon=yes		121			ensembl_transcript_id=ENST00000546933.5|ensembl_gene_id=ENSG00000186298.12|gene_name=PPP1CC|tmd_start=1|tmd_end=20|tmd_seq=MFLPLYLNLVLYFVFWLHWT|ss_nuc_start=204|ss_seq=CAAAATA|tmd-SS_gap_size=48|ensembl_uniprot_annotation=No_uniprot_annotation|blastp_uniprot_annotation=P36873|transcript_canonical_status=Alternative|TMD_dG_app=-0.14|SS_dG_fs=1.91|stem_loop_presence=Yes|fs_type=hungry_-2|frame_transition=69|terminal_stop_codon=yes	0.9965	0.999	1	1	1	1	0	0	0	0	1	0	0	0	0	0	1	0	0	0	0	0	1	0	0.0	0.0	0.0	0.0	1.1311414E7	0.0	0.0	0.0	0.0	0.0	0.0	0.0	
ensembl_transcript_id=ENST00000557690.5|ensembl_gene_id=ENSG00000100528.12|gene_name=CNIH1|tmd_start=72|tmd_end=93|tmd_seq=YLIHAFFCVMFLCAAEWLTLGL|ss_nuc_start=411|ss_seq=CAAATTA|tmd-SS_gap_size=44|ensembl_uniprot_annotation=No_uniprot_annotation|blastp_uniprot_annotation=O95406|transcript_canonical_status=Alternative|TMD_dG_app=-1.30|SS_dG_fs=2.51|stem_loop_presence=Yes|fs_type=0_frame|frame_transition=no_frameshift|terminal_stop_codon=yes	ensembl_transcript_id=ENST00000557690.5|ensembl_gene_id=ENSG00000100528.12|gene_name=CNIH1|tmd_start=72|tmd_end=93|tmd_seq=YLIHAFFCVMFLCAAEWLTLGL|ss_nuc_start=411|ss_seq=CAAATTA|tmd-SS_gap_size=44|ensembl_uniprot_annotation=No_uniprot_annotation|blastp_uniprot_annotation=O95406|transcript_canonical_status=Alternative|TMD_dG_app=-1.30|SS_dG_fs=2.51|stem_loop_presence=Yes|fs_type=0_frame|frame_transition=no_frameshift|terminal_stop_codon=yes	ensembl_transcript_id=ENST00000557690.5|ensembl_gene_id=ENSG00000100528.12|gene_name=CNIH1|tmd_start=72|tmd_end=93|tmd_seq=YLIHAFFCVMFLCAAEWLTLGL|ss_nuc_start=411|ss_seq=CAAATTA|tmd-SS_gap_size=44|ensembl_uniprot_annotation=No_uniprot_annotation|blastp_uniprot_annotation=O95406|transcript_canonical_status=Alternative|TMD_dG_app=-1.30|SS_dG_fs=2.51|stem_loop_presence=Yes|fs_type=0_frame|frame_transition=no_frameshift|terminal_stop_codon=yes		160			ensembl_transcript_id=ENST00000557690.5|ensembl_gene_id=ENSG00000100528.12|gene_name=CNIH1|tmd_start=72|tmd_end=93|tmd_seq=YLIHAFFCVMFLCAAEWLTLGL|ss_nuc_start=411|ss_seq=CAAATTA|tmd-SS_gap_size=44|ensembl_uniprot_annotation=No_uniprot_annotation|blastp_uniprot_annotation=O95406|transcript_canonical_status=Alternative|TMD_dG_app=-1.30|SS_dG_fs=2.51|stem_loop_presence=Yes|fs_type=0_frame|frame_transition=no_frameshift|terminal_stop_codon=yes	0.9939	0.9982	1	1	0	1	0	0	1	0	0	0	0	0	0	0	0	0	0	0	1	0	0	0	0.0	0.0	1.0398763E7	0.0	0.0	0.0	0.0	0.0	0.0	0.0	0.0	0.0	ensembl_transcript_id=ENST00000557690.5|ensembl_gene_id=ENSG00000100528.12|gene_name=CNIH1|tmd_start=72|tmd_end=93|tmd_seq=YLIHAFFCVMFLCAAEWLTLGL|ss_nuc_start=411|ss_seq=CAAATTA|tmd-SS_gap_size=44|ensembl_uniprot_annotation=No_uniprot_annotation|blastp_uniprot_annotation=O95406|transcript_canonical_status=Alternative|TMD_dG_app=-1.30|SS_dG_fs=2.51|stem_loop_presence=Yes|fs_type=dual_-1|frame_transition=139|terminal_stop_codon=no, ensembl_transcript_id=ENST00000557690.5|ensembl_gene_id=ENSG00000100528.12|gene_name=CNIH1|tmd_start=72|tmd_end=93|tmd_seq=YLIHAFFCVMFLCAAEWLTLGL|ss_nuc_start=411|ss_seq=CAAATTA|tmd-SS_gap_size=44|ensembl_uniprot_annotation=No_uniprot_annotation|blastp_uniprot_annotation=O95406|transcript_canonical_status=Alternative|TMD_dG_app=-1.30|SS_dG_fs=2.51|stem_loop_presence=Yes|fs_type=hungry_-1|frame_transition=138|terminal_stop_codon=no, ensembl_transcript_id=ENST00000557690.5|ensembl_gene_id=ENSG00000100528.12|gene_name=CNIH1|tmd_start=72|tmd_end=93|tmd_seq=YLIHAFFCVMFLCAAEWLTLGL|ss_nuc_start=411|ss_seq=CAAATTA|tmd-SS_gap_size=44|ensembl_uniprot_annotation=No_uniprot_annotation|blastp_uniprot_annotation=O95406|transcript_canonical_status=Alternative|TMD_dG_app=-1.30|SS_dG_fs=2.51|stem_loop_presence=Yes|fs_type=hungry_-2|frame_transition=138|terminal_stop_codon=yes, ensembl_transcript_id=ENST00000557690.5|ensembl_gene_id=ENSG00000100528.12|gene_name=CNIH1|tmd_start=72|tmd_end=93|tmd_seq=YLIHAFFCVMFLCAAEWLTLGL|ss_nuc_start=420|ss_seq=TTTTTAT|tmd-SS_gap_size=47|ensembl_uniprot_annotation=No_uniprot_annotation|blastp_uniprot_annotation=O95406|transcript_canonical_status=Alternative|TMD_dG_app=-1.30|SS_dG_fs=1.18|stem_loop_presence=Yes|fs_type=0_frame|frame_transition=no_frameshift|terminal_stop_codon=yes, ensembl_transcript_id=ENST00000557690.5|ensembl_gene_id=ENSG00000100528.12|gene_name=CNIH1|tmd_start=72|tmd_end=93|tmd_seq=YLIHAFFCVMFLCAAEWLTLGL|ss_nuc_start=420|ss_seq=TTTTTAT|tmd-SS_gap_size=47|ensembl_uniprot_annotation=No_uniprot_annotation|blastp_uniprot_annotation=O95406|transcript_canonical_status=Alternative|TMD_dG_app=-1.30|SS_dG_fs=1.18|stem_loop_presence=Yes|fs_type=dual_-1|frame_transition=142|terminal_stop_codon=no, ensembl_transcript_id=ENST00000557690.5|ensembl_gene_id=ENSG00000100528.12|gene_name=CNIH1|tmd_start=72|tmd_end=93|tmd_seq=YLIHAFFCVMFLCAAEWLTLGL|ss_nuc_start=420|ss_seq=TTTTTAT|tmd-SS_gap_size=47|ensembl_uniprot_annotation=No_uniprot_annotation|blastp_uniprot_annotation=O95406|transcript_canonical_status=Alternative|TMD_dG_app=-1.30|SS_dG_fs=1.18|stem_loop_presence=Yes|fs_type=hungry_-1|frame_transition=141|terminal_stop_codon=no, ensembl_transcript_id=ENST00000557690.5|ensembl_gene_id=ENSG00000100528.12|gene_name=CNIH1|tmd_start=72|tmd_end=93|tmd_seq=YLIHAFFCVMFLCAAEWLTLGL|ss_nuc_start=420|ss_seq=TTTTTAT|tmd-SS_gap_size=47|ensembl_uniprot_annotation=No_uniprot_annotation|blastp_uniprot_annotation=O95406|transcript_canonical_status=Alternative|TMD_dG_app=-1.30|SS_dG_fs=1.18|stem_loop_presence=Yes|fs_type=hungry_-2|frame_transition=141|terminal_stop_codon=yes, ensembl_transcript_id=ENST00000557690.5|ensembl_gene_id=ENSG00000100528.12|gene_name=CNIH1|tmd_start=72|tmd_end=93|tmd_seq=YLIHAFFCVMFLCAAEWLTLGL|ss_nuc_start=435|ss_seq=ATTTTTT|tmd-SS_gap_size=52|ensembl_uniprot_annotation=No_uniprot_annotation|blastp_uniprot_annotation=O95406|transcript_canonical_status=Alternative|TMD_dG_app=-1.30|SS_dG_fs=0.93|stem_loop_presence=Yes|fs_type=0_frame|frame_transition=no_frameshift|terminal_stop_codon=yes, ensembl_transcript_id=ENST00000557690.5|ensembl_gene_id=ENSG00000100528.12|gene_name=CNIH1|tmd_start=72|tmd_end=93|tmd_seq=YLIHAFFCVMFLCAAEWLTLGL|ss_nuc_start=435|ss_seq=ATTTTTT|tmd-SS_gap_size=52|ensembl_uniprot_annotation=No_uniprot_annotation|blastp_uniprot_annotation=O95406|transcript_canonical_status=Alternative|TMD_dG_app=-1.30|SS_dG_fs=0.93|stem_loop_presence=Yes|fs_type=dual_-1|frame_transition=147|terminal_stop_codon=no, ensembl_transcript_id=ENST00000557690.5|ensembl_gene_id=ENSG00000100528.12|gene_name=CNIH1|tmd_start=72|tmd_end=93|tmd_seq=YLIHAFFCVMFLCAAEWLTLGL|ss_nuc_start=435|ss_seq=ATTTTTT|tmd-SS_gap_size=52|ensembl_uniprot_annotation=No_uniprot_annotation|blastp_uniprot_annotation=O95406|transcript_canonical_status=Alternative|TMD_dG_app=-1.30|SS_dG_fs=0.93|stem_loop_presence=Yes|fs_type=hungry_-1|frame_transition=146|terminal_stop_codon=no, ensembl_transcript_id=ENST00000557690.5|ensembl_gene_id=ENSG00000100528.12|gene_name=CNIH1|tmd_start=72|tmd_end=93|tmd_seq=YLIHAFFCVMFLCAAEWLTLGL|ss_nuc_start=435|ss_seq=ATTTTTT|tmd-SS_gap_size=52|ensembl_uniprot_annotation=No_uniprot_annotation|blastp_uniprot_annotation=O95406|transcript_canonical_status=Alternative|TMD_dG_app=-1.30|SS_dG_fs=0.93|stem_loop_presence=Yes|fs_type=hungry_-2|frame_transition=146|terminal_stop_codon=yes, ensembl_transcript_id=ENST00000557690.5|ensembl_gene_id=ENSG00000100528.12|gene_name=CNIH1|tmd_start=72|tmd_end=93|tmd_seq=YLIHAFFCVMFLCAAEWLTLGL|ss_nuc_start=438|ss_seq=TTTTTAC|tmd-SS_gap_size=53|ensembl_uniprot_annotation=No_uniprot_annotation|blastp_uniprot_annotation=O95406|transcript_canonical_status=Alternative|TMD_dG_app=-1.30|SS_dG_fs=2.41|stem_loop_presence=Yes|fs_type=0_frame|frame_transition=no_frameshift|terminal_stop_codon=yes, ensembl_transcript_id=ENST00000557690.5|ensembl_gene_id=ENSG00000100528.12|gene_name=CNIH1|tmd_start=72|tmd_end=93|tmd_seq=YLIHAFFCVMFLCAAEWLTLGL|ss_nuc_start=438|ss_seq=TTTTTAC|tmd-SS_gap_size=53|ensembl_uniprot_annotation=No_uniprot_annotation|blastp_uniprot_annotation=O95406|transcript_canonical_status=Alternative|TMD_dG_app=-1.30|SS_dG_fs=2.41|stem_loop_presence=Yes|fs_type=dual_-1|frame_transition=148|terminal_stop_codon=no, ensembl_transcript_id=ENST00000557690.5|ensembl_gene_id=ENSG00000100528.12|gene_name=CNIH1|tmd_start=72|tmd_end=93|tmd_seq=YLIHAFFCVMFLCAAEWLTLGL|ss_nuc_start=438|ss_seq=TTTTTAC|tmd-SS_gap_size=53|ensembl_uniprot_annotation=No_uniprot_annotation|blastp_uniprot_annotation=O95406|transcript_canonical_status=Alternative|TMD_dG_app=-1.30|SS_dG_fs=2.41|stem_loop_presence=Yes|fs_type=hungry_-1|frame_transition=147|terminal_stop_codon=no, ensembl_transcript_id=ENST00000557690.5|ensembl_gene_id=ENSG00000100528.12|gene_name=CNIH1|tmd_start=72|tmd_end=93|tmd_seq=YLIHAFFCVMFLCAAEWLTLGL|ss_nuc_start=438|ss_seq=TTTTTAC|tmd-SS_gap_size=53|ensembl_uniprot_annotation=No_uniprot_annotation|blastp_uniprot_annotation=O95406|transcript_canonical_status=Alternative|TMD_dG_app=-1.30|SS_dG_fs=2.41|stem_loop_presence=Yes|fs_type=hungry_-2|frame_transition=147|terminal_stop_codon=yes
ensembl_transcript_id=ENST00000564288.6|ensembl_gene_id=ENSG00000127603.32|gene_name=MACF1|tmd_start=1832|tmd_end=1853|tmd_seq=LVAAKIALVILESLWSFMGLLW|ss_nuc_start=5700|ss_seq=GAAGAAA|tmd-SS_gap_size=47|ensembl_uniprot_annotation=No_uniprot_annotation|blastp_uniprot_annotation=Q9UPN3|transcript_canonical_status=Canonical|TMD_dG_app=0.67|SS_dG_fs=2.86|stem_loop_presence=Yes|fs_type=0_frame|frame_transition=no_frameshift|terminal_stop_codon=yes	ensembl_transcript_id=ENST00000564288.6|ensembl_gene_id=ENSG00000127603.32|gene_name=MACF1|tmd_start=1832|tmd_end=1853|tmd_seq=LVAAKIALVILESLWSFMGLLW|ss_nuc_start=5700|ss_seq=GAAGAAA|tmd-SS_gap_size=47|ensembl_uniprot_annotation=No_uniprot_annotation|blastp_uniprot_annotation=Q9UPN3|transcript_canonical_status=Canonical|TMD_dG_app=0.67|SS_dG_fs=2.86|stem_loop_presence=Yes|fs_type=0_frame|frame_transition=no_frameshift|terminal_stop_codon=yes	ensembl_transcript_id=ENST00000564288.6|ensembl_gene_id=ENSG00000127603.32|gene_name=MACF1|tmd_start=1832|tmd_end=1853|tmd_seq=LVAAKIALVILESLWSFMGLLW|ss_nuc_start=5700|ss_seq=GAAGAAA|tmd-SS_gap_size=47|ensembl_uniprot_annotation=No_uniprot_annotation|blastp_uniprot_annotation=Q9UPN3|transcript_canonical_status=Canonical|TMD_dG_app=0.67|SS_dG_fs=2.86|stem_loop_presence=Yes|fs_type=0_frame|frame_transition=no_frameshift|terminal_stop_codon=yes		7555			ensembl_transcript_id=ENST00000564288.6|ensembl_gene_id=ENSG00000127603.32|gene_name=MACF1|tmd_start=1832|tmd_end=1853|tmd_seq=LVAAKIALVILESLWSFMGLLW|ss_nuc_start=5700|ss_seq=GAAGAAA|tmd-SS_gap_size=47|ensembl_uniprot_annotation=No_uniprot_annotation|blastp_uniprot_annotation=Q9UPN3|transcript_canonical_status=Canonical|TMD_dG_app=0.67|SS_dG_fs=2.86|stem_loop_presence=Yes|fs_type=0_frame|frame_transition=no_frameshift|terminal_stop_codon=yes	1.0	0.999	5	14	14	14	5	4	2	0	3	0	5	4	2	0	3	0	5	4	2	0	3	0	5.3843418E8	4.45532064E8	5.220668E7	0.0	6.9575859E8	0.0	4.33757248E8	1.63593088E8	6.3797584E7	0.0	5.5063866E8	0.0	
ensembl_transcript_id=ENST00000568588.5|ensembl_gene_id=ENSG00000174444.15|gene_name=RPL4|tmd_start=1|tmd_end=20|tmd_seq=MCRGGRMFAPTKTWRRWHRR|ss_nuc_start=186|ss_seq=TAAAGTT|tmd-SS_gap_size=42|ensembl_uniprot_annotation=No_uniprot_annotation|blastp_uniprot_annotation=P36578|transcript_canonical_status=Alternative|TMD_dG_app=6.78|SS_dG_fs=2.42|stem_loop_presence=Yes|fs_type=hungry_-2|frame_transition=63|terminal_stop_codon=yes	ensembl_transcript_id=ENST00000568588.5|ensembl_gene_id=ENSG00000174444.15|gene_name=RPL4|tmd_start=1|tmd_end=20|tmd_seq=MCRGGRMFAPTKTWRRWHRR|ss_nuc_start=186|ss_seq=TAAAGTT|tmd-SS_gap_size=42|ensembl_uniprot_annotation=No_uniprot_annotation|blastp_uniprot_annotation=P36578|transcript_canonical_status=Alternative|TMD_dG_app=6.78|SS_dG_fs=2.42|stem_loop_presence=Yes|fs_type=hungry_-2|frame_transition=63|terminal_stop_codon=yes	ensembl_transcript_id=ENST00000568588.5|ensembl_gene_id=ENSG00000174444.15|gene_name=RPL4|tmd_start=1|tmd_end=20|tmd_seq=MCRGGRMFAPTKTWRRWHRR|ss_nuc_start=186|ss_seq=TAAAGTT|tmd-SS_gap_size=42|ensembl_uniprot_annotation=No_uniprot_annotation|blastp_uniprot_annotation=P36578|transcript_canonical_status=Alternative|TMD_dG_app=6.78|SS_dG_fs=2.42|stem_loop_presence=Yes|fs_type=hungry_-2|frame_transition=63|terminal_stop_codon=yes		95			ensembl_transcript_id=ENST00000568588.5|ensembl_gene_id=ENSG00000174444.15|gene_name=RPL4|tmd_start=1|tmd_end=20|tmd_seq=MCRGGRMFAPTKTWRRWHRR|ss_nuc_start=186|ss_seq=TAAAGTT|tmd-SS_gap_size=42|ensembl_uniprot_annotation=No_uniprot_annotation|blastp_uniprot_annotation=P36578|transcript_canonical_status=Alternative|TMD_dG_app=6.78|SS_dG_fs=2.42|stem_loop_presence=Yes|fs_type=hungry_-2|frame_transition=63|terminal_stop_codon=yes	0.9995	0.999	1	6	6	6	4	1	1	0	0	0	4	1	1	0	0	0	4	1	1	0	0	0	7.9941704E7	4.0035856E8	7.4304096E7	0.0	0.0	0.0	7.9941704E7	4.0035856E8	7.4304096E7	0.0	0.0	0.0	
ensembl_transcript_id=ENST00000580059.7|ensembl_gene_id=ENSG00000134504.14|gene_name=KCTD1|tmd_start=10|tmd_end=25|tmd_seq=CNTSAGGSASAAAAAA|ss_nuc_start=216|ss_seq=GGGGGAC|tmd-SS_gap_size=47|ensembl_uniprot_annotation=No_uniprot_annotation|blastp_uniprot_annotation=Q719H9|transcript_canonical_status=Canonical|TMD_dG_app=5.54|SS_dG_fs=2.61|stem_loop_presence=Yes|fs_type=0_frame|frame_transition=no_frameshift|terminal_stop_codon=yes	ensembl_transcript_id=ENST00000580059.7|ensembl_gene_id=ENSG00000134504.14|gene_name=KCTD1|tmd_start=10|tmd_end=25|tmd_seq=CNTSAGGSASAAAAAA|ss_nuc_start=216|ss_seq=GGGGGAC|tmd-SS_gap_size=47|ensembl_uniprot_annotation=No_uniprot_annotation|blastp_uniprot_annotation=Q719H9|transcript_canonical_status=Canonical|TMD_dG_app=5.54|SS_dG_fs=2.61|stem_loop_presence=Yes|fs_type=0_frame|frame_transition=no_frameshift|terminal_stop_codon=yes	ensembl_transcript_id=ENST00000580059.7|ensembl_gene_id=ENSG00000134504.14|gene_name=KCTD1|tmd_start=10|tmd_end=25|tmd_seq=CNTSAGGSASAAAAAA|ss_nuc_start=216|ss_seq=GGGGGAC|tmd-SS_gap_size=47|ensembl_uniprot_annotation=No_uniprot_annotation|blastp_uniprot_annotation=Q719H9|transcript_canonical_status=Canonical|TMD_dG_app=5.54|SS_dG_fs=2.61|stem_loop_presence=Yes|fs_type=0_frame|frame_transition=no_frameshift|terminal_stop_codon=yes		865			ensembl_transcript_id=ENST00000580059.7|ensembl_gene_id=ENSG00000134504.14|gene_name=KCTD1|tmd_start=10|tmd_end=25|tmd_seq=CNTSAGGSASAAAAAA|ss_nuc_start=216|ss_seq=GGGGGAC|tmd-SS_gap_size=47|ensembl_uniprot_annotation=No_uniprot_annotation|blastp_uniprot_annotation=Q719H9|transcript_canonical_status=Canonical|TMD_dG_app=5.54|SS_dG_fs=2.61|stem_loop_presence=Yes|fs_type=0_frame|frame_transition=no_frameshift|terminal_stop_codon=yes	1.0	0.999	6	12	12	12	5	0	4	0	0	3	5	0	4	0	0	3	5	0	4	0	0	3	8.9621272E7	0.0	4.1752092E7	0.0	0.0	1.2458397E7	2.2267124E7	0.0	4.0574116E7	0.0	0.0	1.0222867E7	
ensembl_transcript_id=ENST00000585598.1|ensembl_gene_id=ENSG00000099341.13|gene_name=PSMD8|tmd_start=9|tmd_end=32|tmd_seq=AAGFSSSGPAATSGAVLQAATGMY|ss_nuc_start=258|ss_seq=GGGTGAA|tmd-SS_gap_size=54|ensembl_uniprot_annotation=No_uniprot_annotation|blastp_uniprot_annotation=P48556|transcript_canonical_status=Alternative|TMD_dG_app=5.09|SS_dG_fs=2.72|stem_loop_presence=Yes|fs_type=0_frame|frame_transition=no_frameshift|terminal_stop_codon=yes	ensembl_transcript_id=ENST00000585598.1|ensembl_gene_id=ENSG00000099341.13|gene_name=PSMD8|tmd_start=9|tmd_end=32|tmd_seq=AAGFSSSGPAATSGAVLQAATGMY|ss_nuc_start=258|ss_seq=GGGTGAA|tmd-SS_gap_size=54|ensembl_uniprot_annotation=No_uniprot_annotation|blastp_uniprot_annotation=P48556|transcript_canonical_status=Alternative|TMD_dG_app=5.09|SS_dG_fs=2.72|stem_loop_presence=Yes|fs_type=0_frame|frame_transition=no_frameshift|terminal_stop_codon=yes	ensembl_transcript_id=ENST00000585598.1|ensembl_gene_id=ENSG00000099341.13|gene_name=PSMD8|tmd_start=9|tmd_end=32|tmd_seq=AAGFSSSGPAATSGAVLQAATGMY|ss_nuc_start=258|ss_seq=GGGTGAA|tmd-SS_gap_size=54|ensembl_uniprot_annotation=No_uniprot_annotation|blastp_uniprot_annotation=P48556|transcript_canonical_status=Alternative|TMD_dG_app=5.09|SS_dG_fs=2.72|stem_loop_presence=Yes|fs_type=0_frame|frame_transition=no_frameshift|terminal_stop_codon=yes		129			ensembl_transcript_id=ENST00000585598.1|ensembl_gene_id=ENSG00000099341.13|gene_name=PSMD8|tmd_start=9|tmd_end=32|tmd_seq=AAGFSSSGPAATSGAVLQAATGMY|ss_nuc_start=258|ss_seq=GGGTGAA|tmd-SS_gap_size=54|ensembl_uniprot_annotation=No_uniprot_annotation|blastp_uniprot_annotation=P48556|transcript_canonical_status=Alternative|TMD_dG_app=5.09|SS_dG_fs=2.72|stem_loop_presence=Yes|fs_type=0_frame|frame_transition=no_frameshift|terminal_stop_codon=yes	1.0	0.9989	1	20	0	20	10	0	1	3	6	0	0	0	0	0	0	0	10	0	1	3	6	0	1.8672176E8	0.0	0.0	6.491098E7	2.1778583E9	0.0	1.82227488E8	0.0	0.0	0.0	1.73738419E9	0.0	ensembl_transcript_id=ENST00000585598.1|ensembl_gene_id=ENSG00000099341.13|gene_name=PSMD8|tmd_start=9|tmd_end=32|tmd_seq=AAGFSSSGPAATSGAVLQAATGMY|ss_nuc_start=258|ss_seq=GGGTGAA|tmd-SS_gap_size=54|ensembl_uniprot_annotation=No_uniprot_annotation|blastp_uniprot_annotation=P48556|transcript_canonical_status=Alternative|TMD_dG_app=5.09|SS_dG_fs=2.72|stem_loop_presence=Yes|fs_type=dual_-1|frame_transition=88|terminal_stop_codon=yes, ensembl_transcript_id=ENST00000585598.1|ensembl_gene_id=ENSG00000099341.13|gene_name=PSMD8|tmd_start=9|tmd_end=32|tmd_seq=AAGFSSSGPAATSGAVLQAATGMY|ss_nuc_start=258|ss_seq=GGGTGAA|tmd-SS_gap_size=54|ensembl_uniprot_annotation=No_uniprot_annotation|blastp_uniprot_annotation=P48556|transcript_canonical_status=Alternative|TMD_dG_app=5.09|SS_dG_fs=2.72|stem_loop_presence=Yes|fs_type=hungry_-1|frame_transition=87|terminal_stop_codon=yes, ensembl_transcript_id=ENST00000585598.1|ensembl_gene_id=ENSG00000099341.13|gene_name=PSMD8|tmd_start=9|tmd_end=32|tmd_seq=AAGFSSSGPAATSGAVLQAATGMY|ss_nuc_start=258|ss_seq=GGGTGAA|tmd-SS_gap_size=54|ensembl_uniprot_annotation=No_uniprot_annotation|blastp_uniprot_annotation=P48556|transcript_canonical_status=Alternative|TMD_dG_app=5.09|SS_dG_fs=2.72|stem_loop_presence=Yes|fs_type=hungry_-2|frame_transition=87|terminal_stop_codon=yes
ensembl_transcript_id=ENST00000592634.5|ensembl_gene_id=ENSG00000174886.15|gene_name=NDUFA11|tmd_start=59|tmd_end=78|tmd_seq=YTFTAAAVGAVFGLTTCISA|ss_nuc_start=339|ss_seq=CCCTCCT|tmd-SS_gap_size=35|ensembl_uniprot_annotation=No_uniprot_annotation|blastp_uniprot_annotation=Q86Y39|transcript_canonical_status=Alternative|TMD_dG_app=1.03|SS_dG_fs=2.53|stem_loop_presence=Yes|fs_type=0_frame|frame_transition=no_frameshift|terminal_stop_codon=yes	ensembl_transcript_id=ENST00000592634.5|ensembl_gene_id=ENSG00000174886.15|gene_name=NDUFA11|tmd_start=59|tmd_end=78|tmd_seq=YTFTAAAVGAVFGLTTCISA|ss_nuc_start=339|ss_seq=CCCTCCT|tmd-SS_gap_size=35|ensembl_uniprot_annotation=No_uniprot_annotation|blastp_uniprot_annotation=Q86Y39|transcript_canonical_status=Alternative|TMD_dG_app=1.03|SS_dG_fs=2.53|stem_loop_presence=Yes|fs_type=0_frame|frame_transition=no_frameshift|terminal_stop_codon=yes	ensembl_transcript_id=ENST00000592634.5|ensembl_gene_id=ENSG00000174886.15|gene_name=NDUFA11|tmd_start=59|tmd_end=78|tmd_seq=YTFTAAAVGAVFGLTTCISA|ss_nuc_start=339|ss_seq=CCCTCCT|tmd-SS_gap_size=35|ensembl_uniprot_annotation=No_uniprot_annotation|blastp_uniprot_annotation=Q86Y39|transcript_canonical_status=Alternative|TMD_dG_app=1.03|SS_dG_fs=2.53|stem_loop_presence=Yes|fs_type=0_frame|frame_transition=no_frameshift|terminal_stop_codon=yes		120			ensembl_transcript_id=ENST00000592634.5|ensembl_gene_id=ENSG00000174886.15|gene_name=NDUFA11|tmd_start=59|tmd_end=78|tmd_seq=YTFTAAAVGAVFGLTTCISA|ss_nuc_start=339|ss_seq=CCCTCCT|tmd-SS_gap_size=35|ensembl_uniprot_annotation=No_uniprot_annotation|blastp_uniprot_annotation=Q86Y39|transcript_canonical_status=Alternative|TMD_dG_app=1.03|SS_dG_fs=2.53|stem_loop_presence=Yes|fs_type=0_frame|frame_transition=no_frameshift|terminal_stop_codon=yes	0.9949	0.9985	1	1	0	1	0	0	1	0	0	0	0	0	0	0	0	0	0	0	1	0	0	0	0.0	0.0	3.0074372E7	0.0	0.0	0.0	0.0	0.0	0.0	0.0	0.0	0.0	ensembl_transcript_id=ENST00000592634.5|ensembl_gene_id=ENSG00000174886.15|gene_name=NDUFA11|tmd_start=59|tmd_end=78|tmd_seq=YTFTAAAVGAVFGLTTCISA|ss_nuc_start=339|ss_seq=CCCTCCT|tmd-SS_gap_size=35|ensembl_uniprot_annotation=No_uniprot_annotation|blastp_uniprot_annotation=Q86Y39|transcript_canonical_status=Alternative|TMD_dG_app=1.03|SS_dG_fs=2.53|stem_loop_presence=Yes|fs_type=dual_-1|frame_transition=115|terminal_stop_codon=no, ensembl_transcript_id=ENST00000592634.5|ensembl_gene_id=ENSG00000174886.15|gene_name=NDUFA11|tmd_start=59|tmd_end=78|tmd_seq=YTFTAAAVGAVFGLTTCISA|ss_nuc_start=339|ss_seq=CCCTCCT|tmd-SS_gap_size=35|ensembl_uniprot_annotation=No_uniprot_annotation|blastp_uniprot_annotation=Q86Y39|transcript_canonical_status=Alternative|TMD_dG_app=1.03|SS_dG_fs=2.53|stem_loop_presence=Yes|fs_type=hungry_-1|frame_transition=114|terminal_stop_codon=no, ensembl_transcript_id=ENST00000592634.5|ensembl_gene_id=ENSG00000174886.15|gene_name=NDUFA11|tmd_start=59|tmd_end=78|tmd_seq=YTFTAAAVGAVFGLTTCISA|ss_nuc_start=339|ss_seq=CCCTCCT|tmd-SS_gap_size=35|ensembl_uniprot_annotation=No_uniprot_annotation|blastp_uniprot_annotation=Q86Y39|transcript_canonical_status=Alternative|TMD_dG_app=1.03|SS_dG_fs=2.53|stem_loop_presence=Yes|fs_type=hungry_-2|frame_transition=114|terminal_stop_codon=no, ensembl_transcript_id=ENST00000709623.1|ensembl_gene_id=ENSG00000292058.1|gene_name=NDUFA11|tmd_start=59|tmd_end=78|tmd_seq=YTFTAAAVGAVFGLTTCISA|ss_nuc_start=339|ss_seq=CCCTCCT|tmd-SS_gap_size=35|ensembl_uniprot_annotation=No_uniprot_annotation|blastp_uniprot_annotation=Q86Y39|transcript_canonical_status=Alternative|TMD_dG_app=1.03|SS_dG_fs=2.53|stem_loop_presence=Yes|fs_type=0_frame|frame_transition=no_frameshift|terminal_stop_codon=yes, ensembl_transcript_id=ENST00000709623.1|ensembl_gene_id=ENSG00000292058.1|gene_name=NDUFA11|tmd_start=59|tmd_end=78|tmd_seq=YTFTAAAVGAVFGLTTCISA|ss_nuc_start=339|ss_seq=CCCTCCT|tmd-SS_gap_size=35|ensembl_uniprot_annotation=No_uniprot_annotation|blastp_uniprot_annotation=Q86Y39|transcript_canonical_status=Alternative|TMD_dG_app=1.03|SS_dG_fs=2.53|stem_loop_presence=Yes|fs_type=dual_-1|frame_transition=115|terminal_stop_codon=no, ensembl_transcript_id=ENST00000709623.1|ensembl_gene_id=ENSG00000292058.1|gene_name=NDUFA11|tmd_start=59|tmd_end=78|tmd_seq=YTFTAAAVGAVFGLTTCISA|ss_nuc_start=339|ss_seq=CCCTCCT|tmd-SS_gap_size=35|ensembl_uniprot_annotation=No_uniprot_annotation|blastp_uniprot_annotation=Q86Y39|transcript_canonical_status=Alternative|TMD_dG_app=1.03|SS_dG_fs=2.53|stem_loop_presence=Yes|fs_type=hungry_-1|frame_transition=114|terminal_stop_codon=no, ensembl_transcript_id=ENST00000709623.1|ensembl_gene_id=ENSG00000292058.1|gene_name=NDUFA11|tmd_start=59|tmd_end=78|tmd_seq=YTFTAAAVGAVFGLTTCISA|ss_nuc_start=339|ss_seq=CCCTCCT|tmd-SS_gap_size=35|ensembl_uniprot_annotation=No_uniprot_annotation|blastp_uniprot_annotation=Q86Y39|transcript_canonical_status=Alternative|TMD_dG_app=1.03|SS_dG_fs=2.53|stem_loop_presence=Yes|fs_type=hungry_-2|frame_transition=114|terminal_stop_codon=no
ensembl_transcript_id=ENST00000619898.5|ensembl_gene_id=ENSG00000114902.14|gene_name=SPCS1|tmd_start=45|tmd_end=64|tmd_seq=FGWTVYIVMAGFAFSCLLTL|ss_nuc_start=297|ss_seq=TAAAAAT|tmd-SS_gap_size=35|ensembl_uniprot_annotation=No_uniprot_annotation|blastp_uniprot_annotation=Q9Y6A9|transcript_canonical_status=Canonical|TMD_dG_app=-0.89|SS_dG_fs=1.26|stem_loop_presence=No|fs_type=0_frame|frame_transition=no_frameshift|terminal_stop_codon=yes	ensembl_transcript_id=ENST00000619898.5|ensembl_gene_id=ENSG00000114902.14|gene_name=SPCS1|tmd_start=45|tmd_end=64|tmd_seq=FGWTVYIVMAGFAFSCLLTL|ss_nuc_start=297|ss_seq=TAAAAAT|tmd-SS_gap_size=35|ensembl_uniprot_annotation=No_uniprot_annotation|blastp_uniprot_annotation=Q9Y6A9|transcript_canonical_status=Canonical|TMD_dG_app=-0.89|SS_dG_fs=1.26|stem_loop_presence=No|fs_type=0_frame|frame_transition=no_frameshift|terminal_stop_codon=yes	ensembl_transcript_id=ENST00000619898.5|ensembl_gene_id=ENSG00000114902.14|gene_name=SPCS1|tmd_start=45|tmd_end=64|tmd_seq=FGWTVYIVMAGFAFSCLLTL|ss_nuc_start=297|ss_seq=TAAAAAT|tmd-SS_gap_size=35|ensembl_uniprot_annotation=No_uniprot_annotation|blastp_uniprot_annotation=Q9Y6A9|transcript_canonical_status=Canonical|TMD_dG_app=-0.89|SS_dG_fs=1.26|stem_loop_presence=No|fs_type=0_frame|frame_transition=no_frameshift|terminal_stop_codon=yes		102			ensembl_transcript_id=ENST00000619898.5|ensembl_gene_id=ENSG00000114902.14|gene_name=SPCS1|tmd_start=45|tmd_end=64|tmd_seq=FGWTVYIVMAGFAFSCLLTL|ss_nuc_start=297|ss_seq=TAAAAAT|tmd-SS_gap_size=35|ensembl_uniprot_annotation=No_uniprot_annotation|blastp_uniprot_annotation=Q9Y6A9|transcript_canonical_status=Canonical|TMD_dG_app=-0.89|SS_dG_fs=1.26|stem_loop_presence=No|fs_type=0_frame|frame_transition=no_frameshift|terminal_stop_codon=yes	1.0	0.999	1	42	0	42	9	6	11	10	5	1	0	0	0	0	0	0	9	6	11	10	5	1	3.78456013E9	1.01813944E10	4.68217216E8	2.57601178E9	2.80851789E9	3.7669192E7	1.2202007E9	3.75688883E9	2.43352656E8	3.61848064E9	1.96389658E9	2.47579312E8	ensembl_transcript_id=ENST00000619898.5|ensembl_gene_id=ENSG00000114902.14|gene_name=SPCS1|tmd_start=45|tmd_end=64|tmd_seq=FGWTVYIVMAGFAFSCLLTL|ss_nuc_start=297|ss_seq=TAAAAAT|tmd-SS_gap_size=35|ensembl_uniprot_annotation=No_uniprot_annotation|blastp_uniprot_annotation=Q9Y6A9|transcript_canonical_status=Canonical|TMD_dG_app=-0.89|SS_dG_fs=1.26|stem_loop_presence=No|fs_type=dual_-1|frame_transition=101|terminal_stop_codon=yes, ensembl_transcript_id=ENST00000619898.5|ensembl_gene_id=ENSG00000114902.14|gene_name=SPCS1|tmd_start=45|tmd_end=64|tmd_seq=FGWTVYIVMAGFAFSCLLTL|ss_nuc_start=297|ss_seq=TAAAAAT|tmd-SS_gap_size=35|ensembl_uniprot_annotation=No_uniprot_annotation|blastp_uniprot_annotation=Q9Y6A9|transcript_canonical_status=Canonical|TMD_dG_app=-0.89|SS_dG_fs=1.26|stem_loop_presence=No|fs_type=hungry_-1|frame_transition=100|terminal_stop_codon=yes, ensembl_transcript_id=ENST00000619898.5|ensembl_gene_id=ENSG00000114902.14|gene_name=SPCS1|tmd_start=45|tmd_end=64|tmd_seq=FGWTVYIVMAGFAFSCLLTL|ss_nuc_start=297|ss_seq=TAAAAAT|tmd-SS_gap_size=35|ensembl_uniprot_annotation=No_uniprot_annotation|blastp_uniprot_annotation=Q9Y6A9|transcript_canonical_status=Canonical|TMD_dG_app=-0.89|SS_dG_fs=1.26|stem_loop_presence=No|fs_type=hungry_-2|frame_transition=100|terminal_stop_codon=no, ensembl_transcript_id=ENST00000619898.5|ensembl_gene_id=ENSG00000114902.14|gene_name=SPCS1|tmd_start=45|tmd_end=64|tmd_seq=FGWTVYIVMAGFAFSCLLTL|ss_nuc_start=300|ss_seq=AAATAAT|tmd-SS_gap_size=36|ensembl_uniprot_annotation=No_uniprot_annotation|blastp_uniprot_annotation=Q9Y6A9|transcript_canonical_status=Canonical|TMD_dG_app=-0.89|SS_dG_fs=2.14|stem_loop_presence=No|fs_type=0_frame|frame_transition=no_frameshift|terminal_stop_codon=yes, ensembl_transcript_id=ENST00000619898.5|ensembl_gene_id=ENSG00000114902.14|gene_name=SPCS1|tmd_start=45|tmd_end=64|tmd_seq=FGWTVYIVMAGFAFSCLLTL|ss_nuc_start=300|ss_seq=AAATAAT|tmd-SS_gap_size=36|ensembl_uniprot_annotation=No_uniprot_annotation|blastp_uniprot_annotation=Q9Y6A9|transcript_canonical_status=Canonical|TMD_dG_app=-0.89|SS_dG_fs=2.14|stem_loop_presence=No|fs_type=dual_-1|frame_transition=102|terminal_stop_codon=no, ensembl_transcript_id=ENST00000619898.5|ensembl_gene_id=ENSG00000114902.14|gene_name=SPCS1|tmd_start=45|tmd_end=64|tmd_seq=FGWTVYIVMAGFAFSCLLTL|ss_nuc_start=300|ss_seq=AAATAAT|tmd-SS_gap_size=36|ensembl_uniprot_annotation=No_uniprot_annotation|blastp_uniprot_annotation=Q9Y6A9|transcript_canonical_status=Canonical|TMD_dG_app=-0.89|SS_dG_fs=2.14|stem_loop_presence=No|fs_type=hungry_-1|frame_transition=101|terminal_stop_codon=yes, ensembl_transcript_id=ENST00000619898.5|ensembl_gene_id=ENSG00000114902.14|gene_name=SPCS1|tmd_start=45|tmd_end=64|tmd_seq=FGWTVYIVMAGFAFSCLLTL|ss_nuc_start=300|ss_seq=AAATAAT|tmd-SS_gap_size=36|ensembl_uniprot_annotation=No_uniprot_annotation|blastp_uniprot_annotation=Q9Y6A9|transcript_canonical_status=Canonical|TMD_dG_app=-0.89|SS_dG_fs=2.14|stem_loop_presence=No|fs_type=hungry_-2|frame_transition=101|terminal_stop_codon=no
ensembl_transcript_id=ENST00000645319.2|ensembl_gene_id=ENSG00000133657.17|gene_name=ATP13A3|tmd_start=1005|tmd_end=1029|tmd_seq=ALLFSVLSQIIICIGFQSLGFFWVK|ss_nuc_start=3204|ss_seq=ACAAAAT|tmd-SS_gap_size=39|ensembl_uniprot_annotation=No_uniprot_annotation|blastp_uniprot_annotation=Q9H7F0|transcript_canonical_status=Canonical|TMD_dG_app=-0.70|SS_dG_fs=2.35|stem_loop_presence=Yes|fs_type=0_frame|frame_transition=no_frameshift|terminal_stop_codon=yes	ensembl_transcript_id=ENST00000645319.2|ensembl_gene_id=ENSG00000133657.17|gene_name=ATP13A3|tmd_start=1005|tmd_end=1029|tmd_seq=ALLFSVLSQIIICIGFQSLGFFWVK|ss_nuc_start=3204|ss_seq=ACAAAAT|tmd-SS_gap_size=39|ensembl_uniprot_annotation=No_uniprot_annotation|blastp_uniprot_annotation=Q9H7F0|transcript_canonical_status=Canonical|TMD_dG_app=-0.70|SS_dG_fs=2.35|stem_loop_presence=Yes|fs_type=0_frame|frame_transition=no_frameshift|terminal_stop_codon=yes	ensembl_transcript_id=ENST00000645319.2|ensembl_gene_id=ENSG00000133657.17|gene_name=ATP13A3|tmd_start=1005|tmd_end=1029|tmd_seq=ALLFSVLSQIIICIGFQSLGFFWVK|ss_nuc_start=3204|ss_seq=ACAAAAT|tmd-SS_gap_size=39|ensembl_uniprot_annotation=No_uniprot_annotation|blastp_uniprot_annotation=Q9H7F0|transcript_canonical_status=Canonical|TMD_dG_app=-0.70|SS_dG_fs=2.35|stem_loop_presence=Yes|fs_type=0_frame|frame_transition=no_frameshift|terminal_stop_codon=yes		1256			ensembl_transcript_id=ENST00000645319.2|ensembl_gene_id=ENSG00000133657.17|gene_name=ATP13A3|tmd_start=1005|tmd_end=1029|tmd_seq=ALLFSVLSQIIICIGFQSLGFFWVK|ss_nuc_start=3204|ss_seq=ACAAAAT|tmd-SS_gap_size=39|ensembl_uniprot_annotation=No_uniprot_annotation|blastp_uniprot_annotation=Q9H7F0|transcript_canonical_status=Canonical|TMD_dG_app=-0.70|SS_dG_fs=2.35|stem_loop_presence=Yes|fs_type=0_frame|frame_transition=no_frameshift|terminal_stop_codon=yes	1.0	0.9988	1	2	0	2	2	0	0	0	0	0	0	0	0	0	0	0	2	0	0	0	0	0	5.5398428E7	0.0	0.0	0.0	0.0	0.0	0.0	0.0	0.0	0.0	0.0	0.0	ensembl_transcript_id=ENST00000645319.2|ensembl_gene_id=ENSG00000133657.17|gene_name=ATP13A3|tmd_start=1005|tmd_end=1029|tmd_seq=ALLFSVLSQIIICIGFQSLGFFWVK|ss_nuc_start=3207|ss_seq=AAATTAT|tmd-SS_gap_size=40|ensembl_uniprot_annotation=No_uniprot_annotation|blastp_uniprot_annotation=Q9H7F0|transcript_canonical_status=Canonical|TMD_dG_app=-0.70|SS_dG_fs=1.51|stem_loop_presence=Yes|fs_type=0_frame|frame_transition=no_frameshift|terminal_stop_codon=yes, ensembl_transcript_id=ENST00000645319.2|ensembl_gene_id=ENSG00000133657.17|gene_name=ATP13A3|tmd_start=1005|tmd_end=1029|tmd_seq=ALLFSVLSQIIICIGFQSLGFFWVK|ss_nuc_start=3213|ss_seq=TGAAAAT|tmd-SS_gap_size=42|ensembl_uniprot_annotation=No_uniprot_annotation|blastp_uniprot_annotation=Q9H7F0|transcript_canonical_status=Canonical|TMD_dG_app=-0.70|SS_dG_fs=2.79|stem_loop_presence=Yes|fs_type=0_frame|frame_transition=no_frameshift|terminal_stop_codon=yes, ensembl_transcript_id=ENST00000645319.2|ensembl_gene_id=ENSG00000133657.17|gene_name=ATP13A3|tmd_start=1005|tmd_end=1029|tmd_seq=ALLFSVLSQIIICIGFQSLGFFWVK|ss_nuc_start=3228|ss_seq=GTTTTTT|tmd-SS_gap_size=47|ensembl_uniprot_annotation=No_uniprot_annotation|blastp_uniprot_annotation=Q9H7F0|transcript_canonical_status=Canonical|TMD_dG_app=-0.70|SS_dG_fs=0.93|stem_loop_presence=Yes|fs_type=0_frame|frame_transition=no_frameshift|terminal_stop_codon=yes, ensembl_transcript_id=ENST00000645319.2|ensembl_gene_id=ENSG00000133657.17|gene_name=ATP13A3|tmd_start=1005|tmd_end=1029|tmd_seq=ALLFSVLSQIIICIGFQSLGFFWVK|ss_nuc_start=3231|ss_seq=TTTTATT|tmd-SS_gap_size=48|ensembl_uniprot_annotation=No_uniprot_annotation|blastp_uniprot_annotation=Q9H7F0|transcript_canonical_status=Canonical|TMD_dG_app=-0.70|SS_dG_fs=0.81|stem_loop_presence=Yes|fs_type=0_frame|frame_transition=no_frameshift|terminal_stop_codon=yes, ensembl_transcript_id=ENST00000645319.2|ensembl_gene_id=ENSG00000133657.17|gene_name=ATP13A3|tmd_start=1074|tmd_end=1093|tmd_seq=TTVFFISSFQYLIVAIAFSK|ss_nuc_start=3444|ss_seq=CATTGTT|tmd-SS_gap_size=55|ensembl_uniprot_annotation=No_uniprot_annotation|blastp_uniprot_annotation=Q9H7F0|transcript_canonical_status=Canonical|TMD_dG_app=1.89|SS_dG_fs=2.30|stem_loop_presence=Yes|fs_type=0_frame|frame_transition=no_frameshift|terminal_stop_codon=yes, ensembl_transcript_id=ENST00000645319.2|ensembl_gene_id=ENSG00000133657.17|gene_name=ATP13A3|tmd_start=1105|tmd_end=1127|tmd_seq=YFFVFSVIFLYIFILFIMLYPVA|ss_nuc_start=3510|ss_seq=GAAAGTT|tmd-SS_gap_size=43|ensembl_uniprot_annotation=No_uniprot_annotation|blastp_uniprot_annotation=Q9H7F0|transcript_canonical_status=Canonical|TMD_dG_app=-3.67|SS_dG_fs=1.87|stem_loop_presence=Yes|fs_type=0_frame|frame_transition=no_frameshift|terminal_stop_codon=yes, ensembl_transcript_id=ENST00000645319.2|ensembl_gene_id=ENSG00000133657.17|gene_name=ATP13A3|tmd_start=1140|tmd_end=1160|tmd_seq=YQWRVTMLIIVLVNAFVSITV|ss_nuc_start=3591|ss_seq=GGGAAAA|tmd-SS_gap_size=37|ensembl_uniprot_annotation=No_uniprot_annotation|blastp_uniprot_annotation=Q9H7F0|transcript_canonical_status=Canonical|TMD_dG_app=-0.23|SS_dG_fs=0.55|stem_loop_presence=Yes|fs_type=0_frame|frame_transition=no_frameshift|terminal_stop_codon=yes, ensembl_transcript_id=ENST00000645319.2|ensembl_gene_id=ENSG00000133657.17|gene_name=ATP13A3|tmd_start=1140|tmd_end=1160|tmd_seq=YQWRVTMLIIVLVNAFVSITV|ss_nuc_start=3591|ss_seq=GGGAAAA|tmd-SS_gap_size=37|ensembl_uniprot_annotation=No_uniprot_annotation|blastp_uniprot_annotation=Q9H7F0|transcript_canonical_status=Canonical|TMD_dG_app=-0.23|SS_dG_fs=0.55|stem_loop_presence=Yes|fs_type=dual_-1|frame_transition=1199|terminal_stop_codon=yes, ensembl_transcript_id=ENST00000645319.2|ensembl_gene_id=ENSG00000133657.17|gene_name=ATP13A3|tmd_start=1140|tmd_end=1160|tmd_seq=YQWRVTMLIIVLVNAFVSITV|ss_nuc_start=3591|ss_seq=GGGAAAA|tmd-SS_gap_size=37|ensembl_uniprot_annotation=No_uniprot_annotation|blastp_uniprot_annotation=Q9H7F0|transcript_canonical_status=Canonical|TMD_dG_app=-0.23|SS_dG_fs=0.55|stem_loop_presence=Yes|fs_type=hungry_-1|frame_transition=1198|terminal_stop_codon=yes, ensembl_transcript_id=ENST00000645319.2|ensembl_gene_id=ENSG00000133657.17|gene_name=ATP13A3|tmd_start=211|tmd_end=227|tmd_seq=VLNPFYIFQLFSVILWS|ss_nuc_start=831|ss_seq=AAATGAA|tmd-SS_gap_size=50|ensembl_uniprot_annotation=No_uniprot_annotation|blastp_uniprot_annotation=Q9H7F0|transcript_canonical_status=Canonical|TMD_dG_app=2.34|SS_dG_fs=2.79|stem_loop_presence=Yes|fs_type=0_frame|frame_transition=no_frameshift|terminal_stop_codon=yes, ensembl_transcript_id=ENST00000645319.2|ensembl_gene_id=ENSG00000133657.17|gene_name=ATP13A3|tmd_start=231|tmd_end=254|tmd_seq=YYYYALAIVVMSIVSIVSSLYSIR|ss_nuc_start=894|ss_seq=ATTAAAT|tmd-SS_gap_size=44|ensembl_uniprot_annotation=No_uniprot_annotation|blastp_uniprot_annotation=Q9H7F0|transcript_canonical_status=Canonical|TMD_dG_app=-0.99|SS_dG_fs=1.91|stem_loop_presence=Yes|fs_type=0_frame|frame_transition=no_frameshift|terminal_stop_codon=yes, ensembl_transcript_id=ENST00000645319.2|ensembl_gene_id=ENSG00000133657.17|gene_name=ATP13A3|tmd_start=26|tmd_end=50|tmd_seq=RWKLAIVSLGVICSGGFLLLLLYWM|ss_nuc_start=282|ss_seq=CCCAGTT|tmd-SS_gap_size=44|ensembl_uniprot_annotation=No_uniprot_annotation|blastp_uniprot_annotation=Q9H7F0|transcript_canonical_status=Canonical|TMD_dG_app=-2.95|SS_dG_fs=2.28|stem_loop_presence=Yes|fs_type=0_frame|frame_transition=no_frameshift|terminal_stop_codon=yes, ensembl_transcript_id=ENST00000645319.2|ensembl_gene_id=ENSG00000133657.17|gene_name=ATP13A3|tmd_start=26|tmd_end=50|tmd_seq=RWKLAIVSLGVICSGGFLLLLLYWM|ss_nuc_start=294|ss_seq=TCCAAAA|tmd-SS_gap_size=48|ensembl_uniprot_annotation=No_uniprot_annotation|blastp_uniprot_annotation=Q9H7F0|transcript_canonical_status=Canonical|TMD_dG_app=-2.95|SS_dG_fs=2.52|stem_loop_presence=Yes|fs_type=0_frame|frame_transition=no_frameshift|terminal_stop_codon=yes, ensembl_transcript_id=ENST00000645319.2|ensembl_gene_id=ENSG00000133657.17|gene_name=ATP13A3|tmd_start=406|tmd_end=430|tmd_seq=LYRDAYLFLLCLVAVAGIGFIYTII|ss_nuc_start=1419|ss_seq=GAAAAAA|tmd-SS_gap_size=43|ensembl_uniprot_annotation=No_uniprot_annotation|blastp_uniprot_annotation=Q9H7F0|transcript_canonical_status=Canonical|TMD_dG_app=-3.60|SS_dG_fs=0.38|stem_loop_presence=Yes|fs_type=0_frame|frame_transition=no_frameshift|terminal_stop_codon=yes, ensembl_transcript_id=ENST00000645319.2|ensembl_gene_id=ENSG00000133657.17|gene_name=ATP13A3|tmd_start=406|tmd_end=430|tmd_seq=LYRDAYLFLLCLVAVAGIGFIYTII|ss_nuc_start=1431|ss_seq=TATTTTC|tmd-SS_gap_size=47|ensembl_uniprot_annotation=No_uniprot_annotation|blastp_uniprot_annotation=Q9H7F0|transcript_canonical_status=Canonical|TMD_dG_app=-3.60|SS_dG_fs=2.79|stem_loop_presence=Yes|fs_type=0_frame|frame_transition=no_frameshift|terminal_stop_codon=yes, ensembl_transcript_id=ENST00000645319.2|ensembl_gene_id=ENSG00000133657.17|gene_name=ATP13A3|tmd_start=406|tmd_end=430|tmd_seq=LYRDAYLFLLCLVAVAGIGFIYTII|ss_nuc_start=1455|ss_seq=AATAAAT|tmd-SS_gap_size=55|ensembl_uniprot_annotation=No_uniprot_annotation|blastp_uniprot_annotation=Q9H7F0|transcript_canonical_status=Canonical|TMD_dG_app=-3.60|SS_dG_fs=1.31|stem_loop_presence=Yes|fs_type=0_frame|frame_transition=no_frameshift|terminal_stop_codon=yes, ensembl_transcript_id=ENST00000645319.2|ensembl_gene_id=ENSG00000133657.17|gene_name=ATP13A3|tmd_start=449|tmd_end=473|tmd_seq=IITITVPPALPAAMTAGIVYAQRRL|ss_nuc_start=1548|ss_seq=GGAAAAT|tmd-SS_gap_size=43|ensembl_uniprot_annotation=No_uniprot_annotation|blastp_uniprot_annotation=Q9H7F0|transcript_canonical_status=Canonical|TMD_dG_app=2.85|SS_dG_fs=1.26|stem_loop_presence=Yes|fs_type=0_frame|frame_transition=no_frameshift|terminal_stop_codon=yes, ensembl_transcript_id=ENST00000645319.2|ensembl_gene_id=ENSG00000133657.17|gene_name=ATP13A3|tmd_start=449|tmd_end=473|tmd_seq=IITITVPPALPAAMTAGIVYAQRRL|ss_nuc_start=1575|ss_seq=AGAAAAT|tmd-SS_gap_size=52|ensembl_uniprot_annotation=No_uniprot_annotation|blastp_uniprot_annotation=Q9H7F0|transcript_canonical_status=Canonical|TMD_dG_app=2.85|SS_dG_fs=2.79|stem_loop_presence=Yes|fs_type=0_frame|frame_transition=no_frameshift|terminal_stop_codon=yes, ensembl_transcript_id=ENST00000645319.2|ensembl_gene_id=ENSG00000133657.17|gene_name=ATP13A3|tmd_start=966|tmd_end=985|tmd_seq=FQFLFIDLAIILVVVFTMSL|ss_nuc_start=3066|ss_seq=TTTGGGT|tmd-SS_gap_size=37|ensembl_uniprot_annotation=No_uniprot_annotation|blastp_uniprot_annotation=Q9H7F0|transcript_canonical_status=Canonical|TMD_dG_app=-1.31|SS_dG_fs=2.25|stem_loop_presence=Yes|fs_type=0_frame|frame_transition=no_frameshift|terminal_stop_codon=yes, ensembl_transcript_id=ENST00000645319.2|ensembl_gene_id=ENSG00000133657.17|gene_name=ATP13A3|tmd_start=966|tmd_end=985|tmd_seq=FQFLFIDLAIILVVVFTMSL|ss_nuc_start=3069|ss_seq=GGGTTTT|tmd-SS_gap_size=38|ensembl_uniprot_annotation=No_uniprot_annotation|blastp_uniprot_annotation=Q9H7F0|transcript_canonical_status=Canonical|TMD_dG_app=-1.31|SS_dG_fs=0.26|stem_loop_presence=Yes|fs_type=0_frame|frame_transition=no_frameshift|terminal_stop_codon=yes, ensembl_transcript_id=ENST00000645319.2|ensembl_gene_id=ENSG00000133657.17|gene_name=ATP13A3|tmd_start=966|tmd_end=985|tmd_seq=FQFLFIDLAIILVVVFTMSL|ss_nuc_start=3072|ss_seq=TTTTTTT|tmd-SS_gap_size=39|ensembl_uniprot_annotation=No_uniprot_annotation|blastp_uniprot_annotation=Q9H7F0|transcript_canonical_status=Canonical|TMD_dG_app=-1.31|SS_dG_fs=0.00|stem_loop_presence=Yes|fs_type=0_frame|frame_transition=no_frameshift|terminal_stop_codon=yes, ensembl_transcript_id=ENST00000645319.2|ensembl_gene_id=ENSG00000133657.17|gene_name=ATP13A3|tmd_start=966|tmd_end=985|tmd_seq=FQFLFIDLAIILVVVFTMSL|ss_nuc_start=3114|ss_seq=TCCAAAA|tmd-SS_gap_size=53|ensembl_uniprot_annotation=No_uniprot_annotation|blastp_uniprot_annotation=Q9H7F0|transcript_canonical_status=Canonical|TMD_dG_app=-1.31|SS_dG_fs=2.52|stem_loop_presence=Yes|fs_type=0_frame|frame_transition=no_frameshift|terminal_stop_codon=yes
ensembl_transcript_id=ENST00000652049.1|ensembl_gene_id=ENSG00000280682.3|gene_name=HYOU1|tmd_start=11|tmd_end=30|tmd_seq=RRRVCWALVAVLLADLLALS|ss_nuc_start=222|ss_seq=GAAAGAA|tmd-SS_gap_size=44|ensembl_uniprot_annotation=No_uniprot_annotation|blastp_uniprot_annotation=Q9Y4L1|transcript_canonical_status=Canonical|TMD_dG_app=-0.66|SS_dG_fs=2.84|stem_loop_presence=Yes|fs_type=0_frame|frame_transition=no_frameshift|terminal_stop_codon=yes	ensembl_transcript_id=ENST00000652049.1|ensembl_gene_id=ENSG00000280682.3|gene_name=HYOU1|tmd_start=11|tmd_end=30|tmd_seq=RRRVCWALVAVLLADLLALS|ss_nuc_start=222|ss_seq=GAAAGAA|tmd-SS_gap_size=44|ensembl_uniprot_annotation=No_uniprot_annotation|blastp_uniprot_annotation=Q9Y4L1|transcript_canonical_status=Canonical|TMD_dG_app=-0.66|SS_dG_fs=2.84|stem_loop_presence=Yes|fs_type=0_frame|frame_transition=no_frameshift|terminal_stop_codon=yes	ensembl_transcript_id=ENST00000652049.1|ensembl_gene_id=ENSG00000280682.3|gene_name=HYOU1|tmd_start=11|tmd_end=30|tmd_seq=RRRVCWALVAVLLADLLALS|ss_nuc_start=222|ss_seq=GAAAGAA|tmd-SS_gap_size=44|ensembl_uniprot_annotation=No_uniprot_annotation|blastp_uniprot_annotation=Q9Y4L1|transcript_canonical_status=Canonical|TMD_dG_app=-0.66|SS_dG_fs=2.84|stem_loop_presence=Yes|fs_type=0_frame|frame_transition=no_frameshift|terminal_stop_codon=yes		1000			ensembl_transcript_id=ENST00000652049.1|ensembl_gene_id=ENSG00000280682.3|gene_name=HYOU1|tmd_start=11|tmd_end=30|tmd_seq=RRRVCWALVAVLLADLLALS|ss_nuc_start=222|ss_seq=GAAAGAA|tmd-SS_gap_size=44|ensembl_uniprot_annotation=No_uniprot_annotation|blastp_uniprot_annotation=Q9Y4L1|transcript_canonical_status=Canonical|TMD_dG_app=-0.66|SS_dG_fs=2.84|stem_loop_presence=Yes|fs_type=0_frame|frame_transition=no_frameshift|terminal_stop_codon=yes	1.0	0.999	3	16	0	16	4	4	4	0	4	0	0	0	0	0	0	0	4	4	4	0	4	0	8.1728474E8	1.1532516E8	1.60015824E8	0.0	9.4981555E8	0.0	7.2594342E8	1.80768144E8	2.508192E8	0.0	2.6766936E8	0.0	ensembl_transcript_id=ENST00000652049.1|ensembl_gene_id=ENSG00000280682.3|gene_name=HYOU1|tmd_start=11|tmd_end=30|tmd_seq=RRRVCWALVAVLLADLLALS|ss_nuc_start=225|ss_seq=AGAAAAT|tmd-SS_gap_size=45|ensembl_uniprot_annotation=No_uniprot_annotation|blastp_uniprot_annotation=Q9Y4L1|transcript_canonical_status=Canonical|TMD_dG_app=-0.66|SS_dG_fs=2.79|stem_loop_presence=Yes|fs_type=0_frame|frame_transition=no_frameshift|terminal_stop_codon=yes, ensembl_transcript_id=ENST00000652049.1|ensembl_gene_id=ENSG00000280682.3|gene_name=HYOU1|tmd_start=11|tmd_end=30|tmd_seq=RRRVCWALVAVLLADLLALS|ss_nuc_start=228|ss_seq=AAATGAA|tmd-SS_gap_size=46|ensembl_uniprot_annotation=No_uniprot_annotation|blastp_uniprot_annotation=Q9Y4L1|transcript_canonical_status=Canonical|TMD_dG_app=-0.66|SS_dG_fs=2.79|stem_loop_presence=Yes|fs_type=0_frame|frame_transition=no_frameshift|terminal_stop_codon=yes, ensembl_transcript_id=ENST00000694932.1|ensembl_gene_id=ENSG00000149428.21|gene_name=HYOU1|tmd_start=11|tmd_end=30|tmd_seq=RRRVCWALVAVLLADLLALS|ss_nuc_start=222|ss_seq=GAAAGAA|tmd-SS_gap_size=44|ensembl_uniprot_annotation=No_uniprot_annotation|blastp_uniprot_annotation=Q9Y4L1|transcript_canonical_status=Alternative|TMD_dG_app=-0.66|SS_dG_fs=2.84|stem_loop_presence=Yes|fs_type=0_frame|frame_transition=no_frameshift|terminal_stop_codon=yes, ensembl_transcript_id=ENST00000694932.1|ensembl_gene_id=ENSG00000149428.21|gene_name=HYOU1|tmd_start=11|tmd_end=30|tmd_seq=RRRVCWALVAVLLADLLALS|ss_nuc_start=225|ss_seq=AGAAAAT|tmd-SS_gap_size=45|ensembl_uniprot_annotation=No_uniprot_annotation|blastp_uniprot_annotation=Q9Y4L1|transcript_canonical_status=Alternative|TMD_dG_app=-0.66|SS_dG_fs=2.79|stem_loop_presence=Yes|fs_type=0_frame|frame_transition=no_frameshift|terminal_stop_codon=yes, ensembl_transcript_id=ENST00000694932.1|ensembl_gene_id=ENSG00000149428.21|gene_name=HYOU1|tmd_start=11|tmd_end=30|tmd_seq=RRRVCWALVAVLLADLLALS|ss_nuc_start=228|ss_seq=AAATGAA|tmd-SS_gap_size=46|ensembl_uniprot_annotation=No_uniprot_annotation|blastp_uniprot_annotation=Q9Y4L1|transcript_canonical_status=Alternative|TMD_dG_app=-0.66|SS_dG_fs=2.79|stem_loop_presence=Yes|fs_type=0_frame|frame_transition=no_frameshift|terminal_stop_codon=yes
ensembl_transcript_id=ENST00000660676.1|ensembl_gene_id=ENSG00000112992.18|gene_name=NNT|tmd_start=4|tmd_end=20|tmd_seq=LLKTVVTGCSCPLLSNL|ss_nuc_start=183|ss_seq=CCCCAAA|tmd-SS_gap_size=41|ensembl_uniprot_annotation=No_uniprot_annotation|blastp_uniprot_annotation=Q13423|transcript_canonical_status=Alternative|TMD_dG_app=3.72|SS_dG_fs=0.93|stem_loop_presence=Yes|fs_type=0_frame|frame_transition=no_frameshift|terminal_stop_codon=yes	ensembl_transcript_id=ENST00000660676.1|ensembl_gene_id=ENSG00000112992.18|gene_name=NNT|tmd_start=4|tmd_end=20|tmd_seq=LLKTVVTGCSCPLLSNL|ss_nuc_start=183|ss_seq=CCCCAAA|tmd-SS_gap_size=41|ensembl_uniprot_annotation=No_uniprot_annotation|blastp_uniprot_annotation=Q13423|transcript_canonical_status=Alternative|TMD_dG_app=3.72|SS_dG_fs=0.93|stem_loop_presence=Yes|fs_type=0_frame|frame_transition=no_frameshift|terminal_stop_codon=yes	ensembl_transcript_id=ENST00000660676.1|ensembl_gene_id=ENSG00000112992.18|gene_name=NNT|tmd_start=4|tmd_end=20|tmd_seq=LLKTVVTGCSCPLLSNL|ss_nuc_start=183|ss_seq=CCCCAAA|tmd-SS_gap_size=41|ensembl_uniprot_annotation=No_uniprot_annotation|blastp_uniprot_annotation=Q13423|transcript_canonical_status=Alternative|TMD_dG_app=3.72|SS_dG_fs=0.93|stem_loop_presence=Yes|fs_type=0_frame|frame_transition=no_frameshift|terminal_stop_codon=yes		487			ensembl_transcript_id=ENST00000660676.1|ensembl_gene_id=ENSG00000112992.18|gene_name=NNT|tmd_start=4|tmd_end=20|tmd_seq=LLKTVVTGCSCPLLSNL|ss_nuc_start=183|ss_seq=CCCCAAA|tmd-SS_gap_size=41|ensembl_uniprot_annotation=No_uniprot_annotation|blastp_uniprot_annotation=Q13423|transcript_canonical_status=Alternative|TMD_dG_app=3.72|SS_dG_fs=0.93|stem_loop_presence=Yes|fs_type=0_frame|frame_transition=no_frameshift|terminal_stop_codon=yes	1.0	0.999	1	4	4	4	1	1	1	0	1	0	1	1	1	0	1	0	1	1	1	0	1	0	1.1319971E7	2.4139902E7	1815966.0	0.0	2.3836516E7	0.0	1.1319971E7	2.4139902E7	1815966.0	0.0	2.3836516E7	0.0	
ensembl_transcript_id=ENST00000677340.1|ensembl_gene_id=ENSG00000092108.22|gene_name=SCFD1|tmd_start=167|tmd_end=191|tmd_seq=TIVDSLFCFFVTLGAVPIIRCSRGT|ss_nuc_start=732|ss_seq=TCCTTTA|tmd-SS_gap_size=53|ensembl_uniprot_annotation=No_uniprot_annotation|blastp_uniprot_annotation=Q8WVM8|transcript_canonical_status=Alternative|TMD_dG_app=0.56|SS_dG_fs=2.43|stem_loop_presence=Yes|fs_type=0_frame|frame_transition=no_frameshift|terminal_stop_codon=yes	ensembl_transcript_id=ENST00000677340.1|ensembl_gene_id=ENSG00000092108.22|gene_name=SCFD1|tmd_start=167|tmd_end=191|tmd_seq=TIVDSLFCFFVTLGAVPIIRCSRGT|ss_nuc_start=732|ss_seq=TCCTTTA|tmd-SS_gap_size=53|ensembl_uniprot_annotation=No_uniprot_annotation|blastp_uniprot_annotation=Q8WVM8|transcript_canonical_status=Alternative|TMD_dG_app=0.56|SS_dG_fs=2.43|stem_loop_presence=Yes|fs_type=0_frame|frame_transition=no_frameshift|terminal_stop_codon=yes	ensembl_transcript_id=ENST00000677340.1|ensembl_gene_id=ENSG00000092108.22|gene_name=SCFD1|tmd_start=167|tmd_end=191|tmd_seq=TIVDSLFCFFVTLGAVPIIRCSRGT|ss_nuc_start=732|ss_seq=TCCTTTA|tmd-SS_gap_size=53|ensembl_uniprot_annotation=No_uniprot_annotation|blastp_uniprot_annotation=Q8WVM8|transcript_canonical_status=Alternative|TMD_dG_app=0.56|SS_dG_fs=2.43|stem_loop_presence=Yes|fs_type=0_frame|frame_transition=no_frameshift|terminal_stop_codon=yes		616			ensembl_transcript_id=ENST00000677340.1|ensembl_gene_id=ENSG00000092108.22|gene_name=SCFD1|tmd_start=167|tmd_end=191|tmd_seq=TIVDSLFCFFVTLGAVPIIRCSRGT|ss_nuc_start=732|ss_seq=TCCTTTA|tmd-SS_gap_size=53|ensembl_uniprot_annotation=No_uniprot_annotation|blastp_uniprot_annotation=Q8WVM8|transcript_canonical_status=Alternative|TMD_dG_app=0.56|SS_dG_fs=2.43|stem_loop_presence=Yes|fs_type=0_frame|frame_transition=no_frameshift|terminal_stop_codon=yes	1.0	0.9988	2	5	0	5	1	0	1	3	0	0	0	0	0	0	0	0	1	0	1	3	0	0	1.6694926E7	0.0	2362358.2	1.79461542E9	0.0	0.0	5.6611372E7	0.0	8010598.0	9.2788712E7	0.0	0.0	
ensembl_transcript_id=ENST00000678760.1|ensembl_gene_id=ENSG00000092108.22|gene_name=SCFD1|tmd_start=192|tmd_end=216|tmd_seq=TIVDSLFCFFVTLGAVPIIRCSRGT|ss_nuc_start=807|ss_seq=TCCTTTA|tmd-SS_gap_size=53|ensembl_uniprot_annotation=No_uniprot_annotation|blastp_uniprot_annotation=Q8WVM8|transcript_canonical_status=Alternative|TMD_dG_app=0.56|SS_dG_fs=2.43|stem_loop_presence=Yes|fs_type=0_frame|frame_transition=no_frameshift|terminal_stop_codon=yes	ensembl_transcript_id=ENST00000678760.1|ensembl_gene_id=ENSG00000092108.22|gene_name=SCFD1|tmd_start=192|tmd_end=216|tmd_seq=TIVDSLFCFFVTLGAVPIIRCSRGT|ss_nuc_start=807|ss_seq=TCCTTTA|tmd-SS_gap_size=53|ensembl_uniprot_annotation=No_uniprot_annotation|blastp_uniprot_annotation=Q8WVM8|transcript_canonical_status=Alternative|TMD_dG_app=0.56|SS_dG_fs=2.43|stem_loop_presence=Yes|fs_type=0_frame|frame_transition=no_frameshift|terminal_stop_codon=yes	ensembl_transcript_id=ENST00000678760.1|ensembl_gene_id=ENSG00000092108.22|gene_name=SCFD1|tmd_start=192|tmd_end=216|tmd_seq=TIVDSLFCFFVTLGAVPIIRCSRGT|ss_nuc_start=807|ss_seq=TCCTTTA|tmd-SS_gap_size=53|ensembl_uniprot_annotation=No_uniprot_annotation|blastp_uniprot_annotation=Q8WVM8|transcript_canonical_status=Alternative|TMD_dG_app=0.56|SS_dG_fs=2.43|stem_loop_presence=Yes|fs_type=0_frame|frame_transition=no_frameshift|terminal_stop_codon=yes		422			ensembl_transcript_id=ENST00000678760.1|ensembl_gene_id=ENSG00000092108.22|gene_name=SCFD1|tmd_start=192|tmd_end=216|tmd_seq=TIVDSLFCFFVTLGAVPIIRCSRGT|ss_nuc_start=807|ss_seq=TCCTTTA|tmd-SS_gap_size=53|ensembl_uniprot_annotation=No_uniprot_annotation|blastp_uniprot_annotation=Q8WVM8|transcript_canonical_status=Alternative|TMD_dG_app=0.56|SS_dG_fs=2.43|stem_loop_presence=Yes|fs_type=0_frame|frame_transition=no_frameshift|terminal_stop_codon=yes	1.0	0.999	1	3	3	3	1	0	0	0	1	1	1	0	0	0	1	1	1	0	0	0	1	1	6.8958008E7	0.0	0.0	0.0	2.8785584E8	1.938982E7	6.8958008E7	0.0	0.0	0.0	2.8785584E8	1.938982E7	
ensembl_transcript_id=ENST00000680220.1|ensembl_gene_id=ENSG00000174373.17|gene_name=RALGAPA1|tmd_start=1891|tmd_end=1914|tmd_seq=KRLVVSLLLCLLDWIMALPLKTLL|ss_nuc_start=5862|ss_seq=TTTTCCC|tmd-SS_gap_size=40|ensembl_uniprot_annotation=No_uniprot_annotation|blastp_uniprot_annotation=Q6GYQ0|transcript_canonical_status=Canonical|TMD_dG_app=-0.62|SS_dG_fs=1.73|stem_loop_presence=Yes|fs_type=0_frame|frame_transition=no_frameshift|terminal_stop_codon=yes	ensembl_transcript_id=ENST00000680220.1|ensembl_gene_id=ENSG00000174373.17|gene_name=RALGAPA1|tmd_start=1891|tmd_end=1914|tmd_seq=KRLVVSLLLCLLDWIMALPLKTLL|ss_nuc_start=5862|ss_seq=TTTTCCC|tmd-SS_gap_size=40|ensembl_uniprot_annotation=No_uniprot_annotation|blastp_uniprot_annotation=Q6GYQ0|transcript_canonical_status=Canonical|TMD_dG_app=-0.62|SS_dG_fs=1.73|stem_loop_presence=Yes|fs_type=0_frame|frame_transition=no_frameshift|terminal_stop_codon=yes	ensembl_transcript_id=ENST00000680220.1|ensembl_gene_id=ENSG00000174373.17|gene_name=RALGAPA1|tmd_start=1891|tmd_end=1914|tmd_seq=KRLVVSLLLCLLDWIMALPLKTLL|ss_nuc_start=5862|ss_seq=TTTTCCC|tmd-SS_gap_size=40|ensembl_uniprot_annotation=No_uniprot_annotation|blastp_uniprot_annotation=Q6GYQ0|transcript_canonical_status=Canonical|TMD_dG_app=-0.62|SS_dG_fs=1.73|stem_loop_presence=Yes|fs_type=0_frame|frame_transition=no_frameshift|terminal_stop_codon=yes		2542			ensembl_transcript_id=ENST00000680220.1|ensembl_gene_id=ENSG00000174373.17|gene_name=RALGAPA1|tmd_start=1891|tmd_end=1914|tmd_seq=KRLVVSLLLCLLDWIMALPLKTLL|ss_nuc_start=5862|ss_seq=TTTTCCC|tmd-SS_gap_size=40|ensembl_uniprot_annotation=No_uniprot_annotation|blastp_uniprot_annotation=Q6GYQ0|transcript_canonical_status=Canonical|TMD_dG_app=-0.62|SS_dG_fs=1.73|stem_loop_presence=Yes|fs_type=0_frame|frame_transition=no_frameshift|terminal_stop_codon=yes	1.0	0.9984	4	4	0	4	1	3	0	0	0	0	0	0	0	0	0	0	1	3	0	0	0	0	2879318.5	1.00482888E8	0.0	0.0	0.0	0.0	0.0	0.0	0.0	0.0	0.0	0.0	ensembl_transcript_id=ENST00000680220.1|ensembl_gene_id=ENSG00000174373.17|gene_name=RALGAPA1|tmd_start=1891|tmd_end=1914|tmd_seq=KRLVVSLLLCLLDWIMALPLKTLL|ss_nuc_start=5904|ss_seq=TCCTTTT|tmd-SS_gap_size=54|ensembl_uniprot_annotation=No_uniprot_annotation|blastp_uniprot_annotation=Q6GYQ0|transcript_canonical_status=Canonical|TMD_dG_app=-0.62|SS_dG_fs=2.13|stem_loop_presence=Yes|fs_type=0_frame|frame_transition=no_frameshift|terminal_stop_codon=yes
ensembl_transcript_id=ENST00000680679.1|ensembl_gene_id=ENSG00000136699.20|gene_name=SMPD4|tmd_start=455|tmd_end=472|tmd_seq=LLMYTKLFVGFLNRALRT|ss_nuc_start=1536|ss_seq=CATCCCC|tmd-SS_gap_size=40|ensembl_uniprot_annotation=No_uniprot_annotation|blastp_uniprot_annotation=Q9NXE4|transcript_canonical_status=Alternative|TMD_dG_app=2.49|SS_dG_fs=2.41|stem_loop_presence=Yes|fs_type=0_frame|frame_transition=no_frameshift|terminal_stop_codon=yes	ensembl_transcript_id=ENST00000680679.1|ensembl_gene_id=ENSG00000136699.20|gene_name=SMPD4|tmd_start=455|tmd_end=472|tmd_seq=LLMYTKLFVGFLNRALRT|ss_nuc_start=1536|ss_seq=CATCCCC|tmd-SS_gap_size=40|ensembl_uniprot_annotation=No_uniprot_annotation|blastp_uniprot_annotation=Q9NXE4|transcript_canonical_status=Alternative|TMD_dG_app=2.49|SS_dG_fs=2.41|stem_loop_presence=Yes|fs_type=0_frame|frame_transition=no_frameshift|terminal_stop_codon=yes	ensembl_transcript_id=ENST00000680679.1|ensembl_gene_id=ENSG00000136699.20|gene_name=SMPD4|tmd_start=455|tmd_end=472|tmd_seq=LLMYTKLFVGFLNRALRT|ss_nuc_start=1536|ss_seq=CATCCCC|tmd-SS_gap_size=40|ensembl_uniprot_annotation=No_uniprot_annotation|blastp_uniprot_annotation=Q9NXE4|transcript_canonical_status=Alternative|TMD_dG_app=2.49|SS_dG_fs=2.41|stem_loop_presence=Yes|fs_type=0_frame|frame_transition=no_frameshift|terminal_stop_codon=yes		844			ensembl_transcript_id=ENST00000680679.1|ensembl_gene_id=ENSG00000136699.20|gene_name=SMPD4|tmd_start=455|tmd_end=472|tmd_seq=LLMYTKLFVGFLNRALRT|ss_nuc_start=1536|ss_seq=CATCCCC|tmd-SS_gap_size=40|ensembl_uniprot_annotation=No_uniprot_annotation|blastp_uniprot_annotation=Q9NXE4|transcript_canonical_status=Alternative|TMD_dG_app=2.49|SS_dG_fs=2.41|stem_loop_presence=Yes|fs_type=0_frame|frame_transition=no_frameshift|terminal_stop_codon=yes	1.0	0.999	1	9	0	9	3	1	1	2	1	1	0	0	0	0	0	0	3	1	1	2	1	1	4.93477952E8	1.8466345E9	6.5955795E8	2.49582003E9	7.7906856E7	2.053984E8	4.2745008E8	1.5995529E9	5.7130842E8	2.07383373E9	1.5912183E9	1.77915872E8	ensembl_transcript_id=ENST00000680679.1|ensembl_gene_id=ENSG00000136699.20|gene_name=SMPD4|tmd_start=455|tmd_end=472|tmd_seq=LLMYTKLFVGFLNRALRT|ss_nuc_start=1536|ss_seq=CATCCCC|tmd-SS_gap_size=40|ensembl_uniprot_annotation=No_uniprot_annotation|blastp_uniprot_annotation=Q9NXE4|transcript_canonical_status=Alternative|TMD_dG_app=2.49|SS_dG_fs=2.41|stem_loop_presence=Yes|fs_type=dual_-1|frame_transition=514|terminal_stop_codon=yes, ensembl_transcript_id=ENST00000680679.1|ensembl_gene_id=ENSG00000136699.20|gene_name=SMPD4|tmd_start=455|tmd_end=472|tmd_seq=LLMYTKLFVGFLNRALRT|ss_nuc_start=1536|ss_seq=CATCCCC|tmd-SS_gap_size=40|ensembl_uniprot_annotation=No_uniprot_annotation|blastp_uniprot_annotation=Q9NXE4|transcript_canonical_status=Alternative|TMD_dG_app=2.49|SS_dG_fs=2.41|stem_loop_presence=Yes|fs_type=hungry_-1|frame_transition=513|terminal_stop_codon=yes, ensembl_transcript_id=ENST00000680679.1|ensembl_gene_id=ENSG00000136699.20|gene_name=SMPD4|tmd_start=455|tmd_end=472|tmd_seq=LLMYTKLFVGFLNRALRT|ss_nuc_start=1536|ss_seq=CATCCCC|tmd-SS_gap_size=40|ensembl_uniprot_annotation=No_uniprot_annotation|blastp_uniprot_annotation=Q9NXE4|transcript_canonical_status=Alternative|TMD_dG_app=2.49|SS_dG_fs=2.41|stem_loop_presence=Yes|fs_type=hungry_-2|frame_transition=513|terminal_stop_codon=yes, ensembl_transcript_id=ENST00000709811.1|ensembl_gene_id=ENSG00000292130.1|gene_name=SMPD4|tmd_start=455|tmd_end=472|tmd_seq=LLMYTKLFVGFLNRALRT|ss_nuc_start=1536|ss_seq=CATCCCC|tmd-SS_gap_size=40|ensembl_uniprot_annotation=No_uniprot_annotation|blastp_uniprot_annotation=Q9NXE4|transcript_canonical_status=Alternative|TMD_dG_app=2.49|SS_dG_fs=2.41|stem_loop_presence=Yes|fs_type=0_frame|frame_transition=no_frameshift|terminal_stop_codon=yes, ensembl_transcript_id=ENST00000709811.1|ensembl_gene_id=ENSG00000292130.1|gene_name=SMPD4|tmd_start=455|tmd_end=472|tmd_seq=LLMYTKLFVGFLNRALRT|ss_nuc_start=1536|ss_seq=CATCCCC|tmd-SS_gap_size=40|ensembl_uniprot_annotation=No_uniprot_annotation|blastp_uniprot_annotation=Q9NXE4|transcript_canonical_status=Alternative|TMD_dG_app=2.49|SS_dG_fs=2.41|stem_loop_presence=Yes|fs_type=dual_-1|frame_transition=514|terminal_stop_codon=yes, ensembl_transcript_id=ENST00000709811.1|ensembl_gene_id=ENSG00000292130.1|gene_name=SMPD4|tmd_start=455|tmd_end=472|tmd_seq=LLMYTKLFVGFLNRALRT|ss_nuc_start=1536|ss_seq=CATCCCC|tmd-SS_gap_size=40|ensembl_uniprot_annotation=No_uniprot_annotation|blastp_uniprot_annotation=Q9NXE4|transcript_canonical_status=Alternative|TMD_dG_app=2.49|SS_dG_fs=2.41|stem_loop_presence=Yes|fs_type=hungry_-1|frame_transition=513|terminal_stop_codon=yes, ensembl_transcript_id=ENST00000709811.1|ensembl_gene_id=ENSG00000292130.1|gene_name=SMPD4|tmd_start=455|tmd_end=472|tmd_seq=LLMYTKLFVGFLNRALRT|ss_nuc_start=1536|ss_seq=CATCCCC|tmd-SS_gap_size=40|ensembl_uniprot_annotation=No_uniprot_annotation|blastp_uniprot_annotation=Q9NXE4|transcript_canonical_status=Alternative|TMD_dG_app=2.49|SS_dG_fs=2.41|stem_loop_presence=Yes|fs_type=hungry_-2|frame_transition=513|terminal_stop_codon=yes
ensembl_transcript_id=ENST00000680729.1|ensembl_gene_id=ENSG00000168003.19|gene_name=SLC3A2|tmd_start=152|tmd_end=176|tmd_seq=WALLLLFWLGWLGMLAGAVVIIVRA|ss_nuc_start=636|ss_seq=CCCCATT|tmd-SS_gap_size=36|ensembl_uniprot_annotation=No_uniprot_annotation|blastp_uniprot_annotation=P08195|transcript_canonical_status=Alternative|TMD_dG_app=-3.20|SS_dG_fs=0.81|stem_loop_presence=Yes|fs_type=0_frame|frame_transition=no_frameshift|terminal_stop_codon=yes	ensembl_transcript_id=ENST00000680729.1|ensembl_gene_id=ENSG00000168003.19|gene_name=SLC3A2|tmd_start=152|tmd_end=176|tmd_seq=WALLLLFWLGWLGMLAGAVVIIVRA|ss_nuc_start=636|ss_seq=CCCCATT|tmd-SS_gap_size=36|ensembl_uniprot_annotation=No_uniprot_annotation|blastp_uniprot_annotation=P08195|transcript_canonical_status=Alternative|TMD_dG_app=-3.20|SS_dG_fs=0.81|stem_loop_presence=Yes|fs_type=0_frame|frame_transition=no_frameshift|terminal_stop_codon=yes	ensembl_transcript_id=ENST00000680729.1|ensembl_gene_id=ENSG00000168003.19|gene_name=SLC3A2|tmd_start=152|tmd_end=176|tmd_seq=WALLLLFWLGWLGMLAGAVVIIVRA|ss_nuc_start=636|ss_seq=CCCCATT|tmd-SS_gap_size=36|ensembl_uniprot_annotation=No_uniprot_annotation|blastp_uniprot_annotation=P08195|transcript_canonical_status=Alternative|TMD_dG_app=-3.20|SS_dG_fs=0.81|stem_loop_presence=Yes|fs_type=0_frame|frame_transition=no_frameshift|terminal_stop_codon=yes		603			ensembl_transcript_id=ENST00000680729.1|ensembl_gene_id=ENSG00000168003.19|gene_name=SLC3A2|tmd_start=152|tmd_end=176|tmd_seq=WALLLLFWLGWLGMLAGAVVIIVRA|ss_nuc_start=636|ss_seq=CCCCATT|tmd-SS_gap_size=36|ensembl_uniprot_annotation=No_uniprot_annotation|blastp_uniprot_annotation=P08195|transcript_canonical_status=Alternative|TMD_dG_app=-3.20|SS_dG_fs=0.81|stem_loop_presence=Yes|fs_type=0_frame|frame_transition=no_frameshift|terminal_stop_codon=yes	1.0	0.9967	1	1	0	1	0	0	1	0	0	0	0	0	0	0	0	0	0	0	1	0	0	0	0.0	0.0	5.1495864E7	0.0	0.0	0.0	0.0	0.0	0.0	0.0	0.0	0.0	ensembl_transcript_id=ENST00000680729.1|ensembl_gene_id=ENSG00000168003.19|gene_name=SLC3A2|tmd_start=152|tmd_end=176|tmd_seq=WALLLLFWLGWLGMLAGAVVIIVRA|ss_nuc_start=651|ss_seq=GAAGGGG|tmd-SS_gap_size=41|ensembl_uniprot_annotation=No_uniprot_annotation|blastp_uniprot_annotation=P08195|transcript_canonical_status=Alternative|TMD_dG_app=-3.20|SS_dG_fs=2.48|stem_loop_presence=Yes|fs_type=0_frame|frame_transition=no_frameshift|terminal_stop_codon=yes
ensembl_transcript_id=ENST00000683989.1|ensembl_gene_id=ENSG00000138095.20|gene_name=LRPPRC|tmd_start=4|tmd_end=27|tmd_seq=LLRSARWLLRAGAAPRLPLSLRLL|ss_nuc_start=192|ss_seq=AGAAAAA|tmd-SS_gap_size=37|ensembl_uniprot_annotation=No_uniprot_annotation|blastp_uniprot_annotation=P42704|transcript_canonical_status=Alternative|TMD_dG_app=2.26|SS_dG_fs=2.46|stem_loop_presence=Yes|fs_type=0_frame|frame_transition=no_frameshift|terminal_stop_codon=yes	ensembl_transcript_id=ENST00000683989.1|ensembl_gene_id=ENSG00000138095.20|gene_name=LRPPRC|tmd_start=4|tmd_end=27|tmd_seq=LLRSARWLLRAGAAPRLPLSLRLL|ss_nuc_start=192|ss_seq=AGAAAAA|tmd-SS_gap_size=37|ensembl_uniprot_annotation=No_uniprot_annotation|blastp_uniprot_annotation=P42704|transcript_canonical_status=Alternative|TMD_dG_app=2.26|SS_dG_fs=2.46|stem_loop_presence=Yes|fs_type=0_frame|frame_transition=no_frameshift|terminal_stop_codon=yes	ensembl_transcript_id=ENST00000683989.1|ensembl_gene_id=ENSG00000138095.20|gene_name=LRPPRC|tmd_start=4|tmd_end=27|tmd_seq=LLRSARWLLRAGAAPRLPLSLRLL|ss_nuc_start=192|ss_seq=AGAAAAA|tmd-SS_gap_size=37|ensembl_uniprot_annotation=No_uniprot_annotation|blastp_uniprot_annotation=P42704|transcript_canonical_status=Alternative|TMD_dG_app=2.26|SS_dG_fs=2.46|stem_loop_presence=Yes|fs_type=0_frame|frame_transition=no_frameshift|terminal_stop_codon=yes		913			ensembl_transcript_id=ENST00000683989.1|ensembl_gene_id=ENSG00000138095.20|gene_name=LRPPRC|tmd_start=4|tmd_end=27|tmd_seq=LLRSARWLLRAGAAPRLPLSLRLL|ss_nuc_start=192|ss_seq=AGAAAAA|tmd-SS_gap_size=37|ensembl_uniprot_annotation=No_uniprot_annotation|blastp_uniprot_annotation=P42704|transcript_canonical_status=Alternative|TMD_dG_app=2.26|SS_dG_fs=2.46|stem_loop_presence=Yes|fs_type=0_frame|frame_transition=no_frameshift|terminal_stop_codon=yes	1.0	0.9978	2	2	0	2	0	1	0	0	1	0	0	0	0	0	0	0	0	1	0	0	1	0	0.0	6474543.0	0.0	0.0	2.54063744E9	0.0	0.0	0.0	0.0	0.0	0.0	0.0	ensembl_transcript_id=ENST00000683989.1|ensembl_gene_id=ENSG00000138095.20|gene_name=LRPPRC|tmd_start=4|tmd_end=27|tmd_seq=LLRSARWLLRAGAAPRLPLSLRLL|ss_nuc_start=219|ss_seq=TTTTTCT|tmd-SS_gap_size=46|ensembl_uniprot_annotation=No_uniprot_annotation|blastp_uniprot_annotation=P42704|transcript_canonical_status=Alternative|TMD_dG_app=2.26|SS_dG_fs=2.88|stem_loop_presence=Yes|fs_type=0_frame|frame_transition=no_frameshift|terminal_stop_codon=yes
ensembl_transcript_id=ENST00000684483.1|ensembl_gene_id=ENSG00000091483.8|gene_name=FH|tmd_start=14|tmd_end=37|tmd_seq=LVRAPAAALASAPGLGGAAVPSFW|ss_nuc_start=231|ss_seq=GAACTTT|tmd-SS_gap_size=40|ensembl_uniprot_annotation=No_uniprot_annotation|blastp_uniprot_annotation=P07954|transcript_canonical_status=Alternative|TMD_dG_app=3.18|SS_dG_fs=2.77|stem_loop_presence=Yes|fs_type=dual_-1|frame_transition=79|terminal_stop_codon=yes	ensembl_transcript_id=ENST00000684483.1|ensembl_gene_id=ENSG00000091483.8|gene_name=FH|tmd_start=14|tmd_end=37|tmd_seq=LVRAPAAALASAPGLGGAAVPSFW|ss_nuc_start=231|ss_seq=GAACTTT|tmd-SS_gap_size=40|ensembl_uniprot_annotation=No_uniprot_annotation|blastp_uniprot_annotation=P07954|transcript_canonical_status=Alternative|TMD_dG_app=3.18|SS_dG_fs=2.77|stem_loop_presence=Yes|fs_type=dual_-1|frame_transition=79|terminal_stop_codon=yes	ensembl_transcript_id=ENST00000684483.1|ensembl_gene_id=ENSG00000091483.8|gene_name=FH|tmd_start=14|tmd_end=37|tmd_seq=LVRAPAAALASAPGLGGAAVPSFW|ss_nuc_start=231|ss_seq=GAACTTT|tmd-SS_gap_size=40|ensembl_uniprot_annotation=No_uniprot_annotation|blastp_uniprot_annotation=P07954|transcript_canonical_status=Alternative|TMD_dG_app=3.18|SS_dG_fs=2.77|stem_loop_presence=Yes|fs_type=dual_-1|frame_transition=79|terminal_stop_codon=yes		79			ensembl_transcript_id=ENST00000684483.1|ensembl_gene_id=ENSG00000091483.8|gene_name=FH|tmd_start=14|tmd_end=37|tmd_seq=LVRAPAAALASAPGLGGAAVPSFW|ss_nuc_start=231|ss_seq=GAACTTT|tmd-SS_gap_size=40|ensembl_uniprot_annotation=No_uniprot_annotation|blastp_uniprot_annotation=P07954|transcript_canonical_status=Alternative|TMD_dG_app=3.18|SS_dG_fs=2.77|stem_loop_presence=Yes|fs_type=dual_-1|frame_transition=79|terminal_stop_codon=yes	0.9901	0.9971	1	2	2	2	0	2	0	0	0	0	0	2	0	0	0	0	0	2	0	0	0	0	0.0	1.43886608E8	0.0	0.0	0.0	0.0	0.0	0.0	0.0	0.0	0.0	0.0	
ensembl_transcript_id=ENST00000689310.1|ensembl_gene_id=ENSG00000147257.16|gene_name=GPC3|tmd_start=4|tmd_end=20|tmd_seq=TVRTACLVVAMLLSLDF|ss_nuc_start=204|ss_seq=GGGCCCA|tmd-SS_gap_size=48|ensembl_uniprot_annotation=No_uniprot_annotation|blastp_uniprot_annotation=P51654|transcript_canonical_status=Alternative|TMD_dG_app=0.17|SS_dG_fs=1.55|stem_loop_presence=Yes|fs_type=0_frame|frame_transition=no_frameshift|terminal_stop_codon=yes	ensembl_transcript_id=ENST00000689310.1|ensembl_gene_id=ENSG00000147257.16|gene_name=GPC3|tmd_start=4|tmd_end=20|tmd_seq=TVRTACLVVAMLLSLDF|ss_nuc_start=204|ss_seq=GGGCCCA|tmd-SS_gap_size=48|ensembl_uniprot_annotation=No_uniprot_annotation|blastp_uniprot_annotation=P51654|transcript_canonical_status=Alternative|TMD_dG_app=0.17|SS_dG_fs=1.55|stem_loop_presence=Yes|fs_type=0_frame|frame_transition=no_frameshift|terminal_stop_codon=yes	ensembl_transcript_id=ENST00000689310.1|ensembl_gene_id=ENSG00000147257.16|gene_name=GPC3|tmd_start=4|tmd_end=20|tmd_seq=TVRTACLVVAMLLSLDF|ss_nuc_start=204|ss_seq=GGGCCCA|tmd-SS_gap_size=48|ensembl_uniprot_annotation=No_uniprot_annotation|blastp_uniprot_annotation=P51654|transcript_canonical_status=Alternative|TMD_dG_app=0.17|SS_dG_fs=1.55|stem_loop_presence=Yes|fs_type=0_frame|frame_transition=no_frameshift|terminal_stop_codon=yes		564			ensembl_transcript_id=ENST00000689310.1|ensembl_gene_id=ENSG00000147257.16|gene_name=GPC3|tmd_start=4|tmd_end=20|tmd_seq=TVRTACLVVAMLLSLDF|ss_nuc_start=204|ss_seq=GGGCCCA|tmd-SS_gap_size=48|ensembl_uniprot_annotation=No_uniprot_annotation|blastp_uniprot_annotation=P51654|transcript_canonical_status=Alternative|TMD_dG_app=0.17|SS_dG_fs=1.55|stem_loop_presence=Yes|fs_type=0_frame|frame_transition=no_frameshift|terminal_stop_codon=yes	0.9999	0.9987	1	1	1	1	0	0	0	1	0	0	0	0	0	1	0	0	0	0	0	1	0	0	0.0	0.0	0.0	1.3143224E7	0.0	0.0	0.0	0.0	0.0	0.0	0.0	0.0	
ensembl_transcript_id=ENST00000698944.1|ensembl_gene_id=ENSG00000048828.18|gene_name=FAM120A|tmd_start=135|tmd_end=155|tmd_seq=KVWFLPPVCMAHCIRLALIRF|ss_nuc_start=579|ss_seq=CATCCCC|tmd-SS_gap_size=38|ensembl_uniprot_annotation=No_uniprot_annotation|blastp_uniprot_annotation=Q9NZB2|transcript_canonical_status=Alternative|TMD_dG_app=1.08|SS_dG_fs=2.41|stem_loop_presence=Yes|fs_type=0_frame|frame_transition=no_frameshift|terminal_stop_codon=yes	ensembl_transcript_id=ENST00000698944.1|ensembl_gene_id=ENSG00000048828.18|gene_name=FAM120A|tmd_start=135|tmd_end=155|tmd_seq=KVWFLPPVCMAHCIRLALIRF|ss_nuc_start=579|ss_seq=CATCCCC|tmd-SS_gap_size=38|ensembl_uniprot_annotation=No_uniprot_annotation|blastp_uniprot_annotation=Q9NZB2|transcript_canonical_status=Alternative|TMD_dG_app=1.08|SS_dG_fs=2.41|stem_loop_presence=Yes|fs_type=0_frame|frame_transition=no_frameshift|terminal_stop_codon=yes	ensembl_transcript_id=ENST00000698944.1|ensembl_gene_id=ENSG00000048828.18|gene_name=FAM120A|tmd_start=135|tmd_end=155|tmd_seq=KVWFLPPVCMAHCIRLALIRF|ss_nuc_start=579|ss_seq=CATCCCC|tmd-SS_gap_size=38|ensembl_uniprot_annotation=No_uniprot_annotation|blastp_uniprot_annotation=Q9NZB2|transcript_canonical_status=Alternative|TMD_dG_app=1.08|SS_dG_fs=2.41|stem_loop_presence=Yes|fs_type=0_frame|frame_transition=no_frameshift|terminal_stop_codon=yes		1117			ensembl_transcript_id=ENST00000698944.1|ensembl_gene_id=ENSG00000048828.18|gene_name=FAM120A|tmd_start=135|tmd_end=155|tmd_seq=KVWFLPPVCMAHCIRLALIRF|ss_nuc_start=579|ss_seq=CATCCCC|tmd-SS_gap_size=38|ensembl_uniprot_annotation=No_uniprot_annotation|blastp_uniprot_annotation=Q9NZB2|transcript_canonical_status=Alternative|TMD_dG_app=1.08|SS_dG_fs=2.41|stem_loop_presence=Yes|fs_type=0_frame|frame_transition=no_frameshift|terminal_stop_codon=yes	1.0	0.9983	1	5	0	5	0	3	1	1	0	0	0	0	0	0	0	0	0	3	1	1	0	0	0.0	4.59177088E8	8.1480536E7	1.2343928E8	0.0	0.0	0.0	4.59177088E8	8.1480536E7	1.2343928E8	0.0	0.0	ensembl_transcript_id=ENST00000698944.1|ensembl_gene_id=ENSG00000048828.18|gene_name=FAM120A|tmd_start=135|tmd_end=155|tmd_seq=KVWFLPPVCMAHCIRLALIRF|ss_nuc_start=606|ss_seq=CCTAAAA|tmd-SS_gap_size=47|ensembl_uniprot_annotation=No_uniprot_annotation|blastp_uniprot_annotation=Q9NZB2|transcript_canonical_status=Alternative|TMD_dG_app=1.08|SS_dG_fs=1.50|stem_loop_presence=Yes|fs_type=0_frame|frame_transition=no_frameshift|terminal_stop_codon=yes
ensembl_transcript_id=ENST00000699075.1|ensembl_gene_id=ENSG00000162368.15|gene_name=CMPK1|tmd_start=1|tmd_end=16|tmd_seq=MKPLVVFVLGGPGAGK|ss_nuc_start=168|ss_seq=CATTAAA|tmd-SS_gap_size=40|ensembl_uniprot_annotation=P30085|blastp_uniprot_annotation=P30085|transcript_canonical_status=Alternative|TMD_dG_app=3.97|SS_dG_fs=1.74|stem_loop_presence=Yes|fs_type=0_frame|frame_transition=no_frameshift|terminal_stop_codon=yes	ensembl_transcript_id=ENST00000699075.1|ensembl_gene_id=ENSG00000162368.15|gene_name=CMPK1|tmd_start=1|tmd_end=16|tmd_seq=MKPLVVFVLGGPGAGK|ss_nuc_start=168|ss_seq=CATTAAA|tmd-SS_gap_size=40|ensembl_uniprot_annotation=P30085|blastp_uniprot_annotation=P30085|transcript_canonical_status=Alternative|TMD_dG_app=3.97|SS_dG_fs=1.74|stem_loop_presence=Yes|fs_type=0_frame|frame_transition=no_frameshift|terminal_stop_codon=yes	ensembl_transcript_id=ENST00000699075.1|ensembl_gene_id=ENSG00000162368.15|gene_name=CMPK1|tmd_start=1|tmd_end=16|tmd_seq=MKPLVVFVLGGPGAGK|ss_nuc_start=168|ss_seq=CATTAAA|tmd-SS_gap_size=40|ensembl_uniprot_annotation=P30085|blastp_uniprot_annotation=P30085|transcript_canonical_status=Alternative|TMD_dG_app=3.97|SS_dG_fs=1.74|stem_loop_presence=Yes|fs_type=0_frame|frame_transition=no_frameshift|terminal_stop_codon=yes		196			ensembl_transcript_id=ENST00000699075.1|ensembl_gene_id=ENSG00000162368.15|gene_name=CMPK1|tmd_start=1|tmd_end=16|tmd_seq=MKPLVVFVLGGPGAGK|ss_nuc_start=168|ss_seq=CATTAAA|tmd-SS_gap_size=40|ensembl_uniprot_annotation=P30085|blastp_uniprot_annotation=P30085|transcript_canonical_status=Alternative|TMD_dG_app=3.97|SS_dG_fs=1.74|stem_loop_presence=Yes|fs_type=0_frame|frame_transition=no_frameshift|terminal_stop_codon=yes	1.0	0.9981	1	1	0	1	1	0	0	0	0	0	0	0	0	0	0	0	1	0	0	0	0	0	1.75787E7	0.0	0.0	0.0	0.0	0.0	0.0	0.0	0.0	0.0	0.0	0.0	ensembl_transcript_id=ENST00000699075.1|ensembl_gene_id=ENSG00000162368.15|gene_name=CMPK1|tmd_start=1|tmd_end=16|tmd_seq=MKPLVVFVLGGPGAGK|ss_nuc_start=210|ss_seq=TTTATTA|tmd-SS_gap_size=54|ensembl_uniprot_annotation=P30085|blastp_uniprot_annotation=P30085|transcript_canonical_status=Alternative|TMD_dG_app=3.97|SS_dG_fs=1.88|stem_loop_presence=Yes|fs_type=0_frame|frame_transition=no_frameshift|terminal_stop_codon=yes
ensembl_transcript_id=ENST00000714219.1|ensembl_gene_id=ENSG00000116521.12|gene_name=SCAMP3|tmd_start=100|tmd_end=124|tmd_seq=MYYLWMCSTLALLLNFLACLASFCV|ss_nuc_start=513|ss_seq=CATTTTC|tmd-SS_gap_size=47|ensembl_uniprot_annotation=No_uniprot_annotation|blastp_uniprot_annotation=O14828|transcript_canonical_status=Alternative|TMD_dG_app=-1.93|SS_dG_fs=2.79|stem_loop_presence=Yes|fs_type=0_frame|frame_transition=no_frameshift|terminal_stop_codon=yes	ensembl_transcript_id=ENST00000714219.1|ensembl_gene_id=ENSG00000116521.12|gene_name=SCAMP3|tmd_start=100|tmd_end=124|tmd_seq=MYYLWMCSTLALLLNFLACLASFCV|ss_nuc_start=513|ss_seq=CATTTTC|tmd-SS_gap_size=47|ensembl_uniprot_annotation=No_uniprot_annotation|blastp_uniprot_annotation=O14828|transcript_canonical_status=Alternative|TMD_dG_app=-1.93|SS_dG_fs=2.79|stem_loop_presence=Yes|fs_type=0_frame|frame_transition=no_frameshift|terminal_stop_codon=yes	ensembl_transcript_id=ENST00000714219.1|ensembl_gene_id=ENSG00000116521.12|gene_name=SCAMP3|tmd_start=100|tmd_end=124|tmd_seq=MYYLWMCSTLALLLNFLACLASFCV|ss_nuc_start=513|ss_seq=CATTTTC|tmd-SS_gap_size=47|ensembl_uniprot_annotation=No_uniprot_annotation|blastp_uniprot_annotation=O14828|transcript_canonical_status=Alternative|TMD_dG_app=-1.93|SS_dG_fs=2.79|stem_loop_presence=Yes|fs_type=0_frame|frame_transition=no_frameshift|terminal_stop_codon=yes		280			ensembl_transcript_id=ENST00000714219.1|ensembl_gene_id=ENSG00000116521.12|gene_name=SCAMP3|tmd_start=100|tmd_end=124|tmd_seq=MYYLWMCSTLALLLNFLACLASFCV|ss_nuc_start=513|ss_seq=CATTTTC|tmd-SS_gap_size=47|ensembl_uniprot_annotation=No_uniprot_annotation|blastp_uniprot_annotation=O14828|transcript_canonical_status=Alternative|TMD_dG_app=-1.93|SS_dG_fs=2.79|stem_loop_presence=Yes|fs_type=0_frame|frame_transition=no_frameshift|terminal_stop_codon=yes	0.9999	0.999	1	6	0	6	0	1	2	1	1	1	0	0	0	0	0	0	0	1	2	1	1	1	0.0	3726325.0	1.5760835E7	3.8191928E7	1.52979168E8	1219100.2	0.0	3726325.0	1.5760835E7	3.8191928E7	1.52979168E8	1219100.2	ensembl_transcript_id=ENST00000714219.1|ensembl_gene_id=ENSG00000116521.12|gene_name=SCAMP3|tmd_start=100|tmd_end=124|tmd_seq=MYYLWMCSTLALLLNFLACLASFCV|ss_nuc_start=513|ss_seq=CATTTTC|tmd-SS_gap_size=47|ensembl_uniprot_annotation=No_uniprot_annotation|blastp_uniprot_annotation=O14828|transcript_canonical_status=Alternative|TMD_dG_app=-1.93|SS_dG_fs=2.79|stem_loop_presence=Yes|fs_type=dual_-1|frame_transition=173|terminal_stop_codon=yes, ensembl_transcript_id=ENST00000714219.1|ensembl_gene_id=ENSG00000116521.12|gene_name=SCAMP3|tmd_start=100|tmd_end=124|tmd_seq=MYYLWMCSTLALLLNFLACLASFCV|ss_nuc_start=513|ss_seq=CATTTTC|tmd-SS_gap_size=47|ensembl_uniprot_annotation=No_uniprot_annotation|blastp_uniprot_annotation=O14828|transcript_canonical_status=Alternative|TMD_dG_app=-1.93|SS_dG_fs=2.79|stem_loop_presence=Yes|fs_type=hungry_-1|frame_transition=172|terminal_stop_codon=yes, ensembl_transcript_id=ENST00000714219.1|ensembl_gene_id=ENSG00000116521.12|gene_name=SCAMP3|tmd_start=100|tmd_end=124|tmd_seq=MYYLWMCSTLALLLNFLACLASFCV|ss_nuc_start=513|ss_seq=CATTTTC|tmd-SS_gap_size=47|ensembl_uniprot_annotation=No_uniprot_annotation|blastp_uniprot_annotation=O14828|transcript_canonical_status=Alternative|TMD_dG_app=-1.93|SS_dG_fs=2.79|stem_loop_presence=Yes|fs_type=hungry_-2|frame_transition=172|terminal_stop_codon=yes, ensembl_transcript_id=ENST00000714219.1|ensembl_gene_id=ENSG00000116521.12|gene_name=SCAMP3|tmd_start=206|tmd_end=230|tmd_seq=TAVSVLMLLVALLFTGIAVLGIVML|ss_nuc_start=819|ss_seq=TGAAAAT|tmd-SS_gap_size=43|ensembl_uniprot_annotation=No_uniprot_annotation|blastp_uniprot_annotation=O14828|transcript_canonical_status=Alternative|TMD_dG_app=-2.96|SS_dG_fs=2.79|stem_loop_presence=Yes|fs_type=0_frame|frame_transition=no_frameshift|terminal_stop_codon=yes, ensembl_transcript_id=ENST00000714219.1|ensembl_gene_id=ENSG00000116521.12|gene_name=SCAMP3|tmd_start=206|tmd_end=230|tmd_seq=TAVSVLMLLVALLFTGIAVLGIVML|ss_nuc_start=819|ss_seq=TGAAAAT|tmd-SS_gap_size=43|ensembl_uniprot_annotation=No_uniprot_annotation|blastp_uniprot_annotation=O14828|transcript_canonical_status=Alternative|TMD_dG_app=-2.96|SS_dG_fs=2.79|stem_loop_presence=Yes|fs_type=dual_-1|frame_transition=275|terminal_stop_codon=no, ensembl_transcript_id=ENST00000714219.1|ensembl_gene_id=ENSG00000116521.12|gene_name=SCAMP3|tmd_start=206|tmd_end=230|tmd_seq=TAVSVLMLLVALLFTGIAVLGIVML|ss_nuc_start=819|ss_seq=TGAAAAT|tmd-SS_gap_size=43|ensembl_uniprot_annotation=No_uniprot_annotation|blastp_uniprot_annotation=O14828|transcript_canonical_status=Alternative|TMD_dG_app=-2.96|SS_dG_fs=2.79|stem_loop_presence=Yes|fs_type=hungry_-1|frame_transition=274|terminal_stop_codon=no, ensembl_transcript_id=ENST00000714219.1|ensembl_gene_id=ENSG00000116521.12|gene_name=SCAMP3|tmd_start=206|tmd_end=230|tmd_seq=TAVSVLMLLVALLFTGIAVLGIVML|ss_nuc_start=819|ss_seq=TGAAAAT|tmd-SS_gap_size=43|ensembl_uniprot_annotation=No_uniprot_annotation|blastp_uniprot_annotation=O14828|transcript_canonical_status=Alternative|TMD_dG_app=-2.96|SS_dG_fs=2.79|stem_loop_presence=Yes|fs_type=hungry_-2|frame_transition=274|terminal_stop_codon=no
